user_id,age,archetype,signup_date
1,19,student,2024-04-22
2,33,student,2025-04-29
3,24,salary_earner,2025-01-20
4,52,student,2026-02-22
5,45,salary_earner,2024-07-12
6,23,salary_earner,2025-05-05
7,50,salary_earner,2024-08-22
8,53,student,2025-02-28
9,52,salary_earner,2025-04-11
10,46,gig_worker,2025-07-13
11,18,gig_worker,2025-08-03
12,28,intentional_saver,2024-03-15
13,39,student,2025-10-28
14,31,salary_earner,2024-10-28
15,39,passive_user,2024-05-25
16,42,salary_earner,2025-10-22
17,40,salary_earner,2025-09-21
18,20,student,2024-05-12
19,52,student,2025-01-02
20,42,salary_earner,2024-10-27
21,36,salary_earner,2026-01-11
22,41,intentional_saver,2024-06-10
23,22,gig_worker,2025-01-02
24,32,salary_earner,2024-04-17
25,23,intentional_saver,2025-05-04
26,24,intentional_saver,2025-03-01
27,47,gig_worker,2025-06-12
28,41,student,2024-11-28
29,40,salary_earner,2025-03-26
30,35,salary_earner,2024-12-23
31,22,student,2025-03-04
32,28,student,2025-11-14
33,33,gig_worker,2024-05-28
34,42,salary_earner,2025-04-03
35,53,salary_earner,2025-05-23
36,38,salary_earner,2024-12-16
37,21,intentional_saver,2025-12-12
38,20,salary_earner,2024-04-01
39,43,intentional_saver,2025-09-14
40,31,salary_earner,2024-07-10
41,54,passive_user,2024-04-15
42,38,intentional_saver,2025-11-25
43,49,salary_earner,2025-09-01
44,47,gig_worker,2025-08-27
45,26,salary_earner,2025-03-20
46,53,salary_earner,2024-04-26
47,55,gig_worker,2025-01-13
48,55,gig_worker,2024-05-21
49,32,gig_worker,2025-11-24
50,26,passive_user,2025-11-12
51,23,gig_worker,2025-07-28
52,25,intentional_saver,2024-03-02
53,28,salary_earner,2024-12-29
54,45,intentional_saver,2026-01-08
55,42,gig_worker,2026-02-09
56,47,gig_worker,2024-12-21
57,53,gig_worker,2025-11-11
58,18,intentional_saver,2024-07-24
59,25,student,2025-04-22
60,52,student,2024-10-19
61,39,intentional_saver,2024-11-03
62,45,salary_earner,2025-11-28
63,18,salary_earner,2025-12-02
64,34,passive_user,2026-01-31
65,29,passive_user,2024-10-06
66,24,gig_worker,2025-06-18
67,37,intentional_saver,2024-10-22
68,50,intentional_saver,2024-04-03
69,27,student,2025-02-25
70,28,gig_worker,2025-06-21
71,51,gig_worker,2024-07-26
72,38,passive_user,2026-01-18
73,25,gig_worker,2025-12-02
74,37,passive_user,2024-06-01
75,33,salary_earner,2025-05-03
76,23,intentional_saver,2025-03-28
77,49,salary_earner,2025-02-15
78,52,intentional_saver,2026-02-06
79,26,intentional_saver,2025-12-03
80,53,student,2024-06-15
81,51,salary_earner,2025-07-28
82,45,intentional_saver,2026-02-04
83,52,passive_user,2025-12-08
84,30,intentional_saver,2024-04-11
85,43,student,2025-08-15
86,41,passive_user,2024-07-10
87,51,gig_worker,2024-04-02
88,33,gig_worker,2025-12-12
89,39,salary_earner,2024-12-17
90,53,salary_earner,2024-03-24
91,32,salary_earner,2025-07-05
92,21,salary_earner,2025-12-07
93,20,salary_earner,2025-01-31
94,22,intentional_saver,2026-02-03
95,35,gig_worker,2024-03-07
96,31,student,2024-07-24
97,54,gig_worker,2025-08-25
98,33,gig_worker,2024-05-26
99,44,intentional_saver,2025-02-20
100,24,salary_earner,2026-01-13
101,40,student,2025-08-18
102,47,gig_worker,2026-02-13
103,21,intentional_saver,2024-05-21
104,24,student,2025-02-05
105,39,salary_earner,2024-04-30
106,24,intentional_saver,2025-08-01
107,30,salary_earner,2024-03-05
108,26,gig_worker,2025-09-05
109,35,gig_worker,2024-04-18
110,22,gig_worker,2025-10-02
111,53,gig_worker,2025-10-12
112,52,salary_earner,2025-07-25
113,23,intentional_saver,2026-01-30
114,33,passive_user,2024-10-18
115,49,salary_earner,2024-04-08
116,43,gig_worker,2024-04-10
117,28,passive_user,2025-11-16
118,42,gig_worker,2026-01-30
119,47,salary_earner,2024-09-06
120,53,salary_earner,2025-11-16
121,49,student,2024-06-29
122,36,salary_earner,2025-08-02
123,21,salary_earner,2026-01-24
124,52,gig_worker,2025-08-24
125,38,salary_earner,2024-04-07
126,55,salary_earner,2024-09-24
127,51,gig_worker,2024-03-29
128,50,salary_earner,2025-05-27
129,29,salary_earner,2024-07-25
130,22,salary_earner,2025-03-19
131,33,student,2025-02-12
132,54,gig_worker,2024-08-09
133,20,salary_earner,2025-03-22
134,44,student,2024-09-06
135,54,student,2025-11-23
136,34,gig_worker,2024-09-21
137,38,salary_earner,2025-02-06
138,43,salary_earner,2024-12-30
139,37,salary_earner,2025-01-08
140,22,gig_worker,2024-05-09
141,54,salary_earner,2026-01-05
142,22,passive_user,2025-03-12
143,50,gig_worker,2025-05-13
144,40,salary_earner,2025-01-09
145,33,intentional_saver,2024-11-01
146,28,gig_worker,2025-08-18
147,52,gig_worker,2024-07-19
148,51,student,2026-02-28
149,53,salary_earner,2026-02-13
150,24,salary_earner,2025-01-30
151,26,passive_user,2024-03-24
152,24,salary_earner,2025-09-27
153,27,student,2024-05-21
154,31,salary_earner,2025-01-23
155,31,student,2025-06-15
156,34,student,2025-01-20
157,34,gig_worker,2025-06-08
158,21,passive_user,2024-12-27
159,45,salary_earner,2024-10-02
160,20,intentional_saver,2024-07-23
161,26,salary_earner,2025-10-12
162,34,student,2025-08-12
163,46,salary_earner,2024-08-13
164,45,gig_worker,2025-11-14
165,25,gig_worker,2025-03-18
166,27,salary_earner,2024-09-25
167,41,gig_worker,2024-07-15
168,27,gig_worker,2024-08-30
169,20,gig_worker,2025-03-24
170,20,salary_earner,2024-08-03
171,31,intentional_saver,2025-12-18
172,24,student,2024-04-12
173,53,gig_worker,2025-06-30
174,44,intentional_saver,2025-06-04
175,27,passive_user,2025-12-01
176,33,passive_user,2024-06-20
177,29,intentional_saver,2025-03-20
178,19,intentional_saver,2025-12-21
179,39,salary_earner,2025-09-27
180,44,intentional_saver,2024-03-20
181,33,intentional_saver,2024-05-26
182,24,salary_earner,2025-04-02
183,20,gig_worker,2024-06-23
184,32,intentional_saver,2025-07-10
185,47,salary_earner,2025-10-13
186,32,salary_earner,2024-10-04
187,30,salary_earner,2025-10-30
188,35,gig_worker,2025-05-05
189,35,intentional_saver,2026-01-31
190,50,gig_worker,2025-09-21
191,52,gig_worker,2024-12-13
192,19,salary_earner,2026-01-28
193,34,salary_earner,2025-06-12
194,34,salary_earner,2024-12-04
195,45,salary_earner,2024-11-21
196,38,salary_earner,2024-10-29
197,50,gig_worker,2024-09-30
198,54,salary_earner,2024-11-10
199,20,salary_earner,2025-08-06
200,18,student,2025-05-06
201,52,gig_worker,2024-09-03
202,30,student,2025-06-22
203,22,gig_worker,2025-03-10
204,39,passive_user,2025-12-29
205,25,student,2025-11-24
206,37,student,2025-10-01
207,44,gig_worker,2025-06-19
208,36,salary_earner,2025-05-27
209,30,gig_worker,2025-06-10
210,42,gig_worker,2024-03-04
211,29,student,2025-07-26
212,37,student,2024-08-25
213,18,gig_worker,2025-02-21
214,31,salary_earner,2025-12-03
215,55,gig_worker,2024-09-04
216,38,student,2024-04-20
217,46,gig_worker,2024-02-29
218,50,student,2025-03-13
219,28,gig_worker,2025-01-15
220,36,student,2024-06-19
221,39,gig_worker,2024-03-01
222,33,salary_earner,2025-03-26
223,32,student,2024-07-21
224,27,intentional_saver,2025-02-25
225,33,salary_earner,2025-05-20
226,22,passive_user,2026-01-31
227,54,gig_worker,2024-11-24
228,42,salary_earner,2025-08-05
229,33,gig_worker,2025-04-19
230,18,salary_earner,2025-03-08
231,24,intentional_saver,2026-02-01
232,32,intentional_saver,2025-07-10
233,51,salary_earner,2024-12-30
234,53,gig_worker,2024-10-09
235,25,salary_earner,2024-10-15
236,47,gig_worker,2024-02-29
237,53,student,2024-09-07
238,46,gig_worker,2025-03-15
239,50,student,2024-04-09
240,53,gig_worker,2025-04-20
241,28,gig_worker,2025-02-07
242,48,student,2025-01-15
243,33,gig_worker,2024-04-02
244,35,intentional_saver,2024-04-02
245,51,intentional_saver,2025-02-26
246,33,gig_worker,2025-06-15
247,22,salary_earner,2024-09-26
248,33,student,2024-05-03
249,38,salary_earner,2024-08-25
250,23,intentional_saver,2025-02-27
251,32,salary_earner,2024-05-14
252,27,gig_worker,2025-03-23
253,22,student,2025-12-21
254,39,gig_worker,2025-03-28
255,44,gig_worker,2024-06-07
256,44,salary_earner,2026-01-16
257,55,gig_worker,2024-04-29
258,19,passive_user,2025-03-29
259,54,intentional_saver,2025-06-24
260,18,gig_worker,2026-01-27
261,37,passive_user,2025-01-15
262,44,intentional_saver,2026-02-18
263,52,gig_worker,2024-09-20
264,32,intentional_saver,2024-07-26
265,35,gig_worker,2025-11-01
266,19,gig_worker,2025-06-02
267,43,gig_worker,2024-11-05
268,47,student,2024-03-29
269,52,passive_user,2024-08-05
270,43,salary_earner,2025-08-09
271,19,gig_worker,2024-11-09
272,45,salary_earner,2025-01-16
273,47,salary_earner,2024-05-10
274,34,salary_earner,2024-07-08
275,31,gig_worker,2024-04-30
276,39,gig_worker,2024-11-29
277,42,intentional_saver,2025-02-08
278,44,salary_earner,2024-09-25
279,23,salary_earner,2025-11-10
280,52,gig_worker,2025-11-22
281,40,salary_earner,2025-01-21
282,22,salary_earner,2024-08-17
283,20,intentional_saver,2025-10-31
284,33,intentional_saver,2024-11-08
285,19,salary_earner,2025-05-03
286,33,student,2024-06-23
287,25,salary_earner,2025-08-24
288,31,gig_worker,2024-05-08
289,34,gig_worker,2025-01-11
290,28,intentional_saver,2025-06-23
291,25,student,2024-11-19
292,28,intentional_saver,2024-10-13
293,24,passive_user,2025-01-13
294,37,gig_worker,2025-10-07
295,42,gig_worker,2025-11-30
296,30,gig_worker,2025-03-25
297,33,salary_earner,2026-01-02
298,37,salary_earner,2024-03-25
299,25,intentional_saver,2025-12-19
300,54,intentional_saver,2024-08-16
301,40,intentional_saver,2024-04-19
302,41,gig_worker,2025-09-05
303,39,salary_earner,2025-11-01
304,44,salary_earner,2025-09-20
305,24,intentional_saver,2024-12-08
306,41,gig_worker,2025-10-07
307,47,student,2025-02-07
308,45,student,2024-10-19
309,51,salary_earner,2025-02-10
310,35,passive_user,2025-07-14
311,52,student,2024-10-29
312,47,intentional_saver,2025-02-01
313,55,gig_worker,2024-09-29
314,33,salary_earner,2024-04-25
315,23,intentional_saver,2024-08-06
316,46,salary_earner,2025-09-20
317,47,salary_earner,2025-06-04
318,42,gig_worker,2025-12-06
319,49,salary_earner,2024-07-08
320,29,intentional_saver,2024-12-24
321,40,gig_worker,2025-03-05
322,39,intentional_saver,2025-11-09
323,35,salary_earner,2024-03-26
324,51,gig_worker,2025-09-27
325,23,passive_user,2024-08-11
326,44,salary_earner,2025-12-12
327,33,gig_worker,2024-12-27
328,49,student,2024-12-25
329,19,gig_worker,2025-10-22
330,32,salary_earner,2025-11-16
331,33,gig_worker,2024-03-10
332,55,salary_earner,2025-09-26
333,53,gig_worker,2025-07-16
334,45,gig_worker,2025-03-17
335,53,passive_user,2024-05-13
336,47,salary_earner,2025-12-04
337,34,salary_earner,2025-04-20
338,30,salary_earner,2026-02-14
339,52,salary_earner,2024-03-25
340,29,passive_user,2025-08-19
341,48,salary_earner,2025-05-05
342,55,salary_earner,2024-10-06
343,51,passive_user,2025-05-10
344,24,gig_worker,2026-01-12
345,36,intentional_saver,2024-03-18
346,29,salary_earner,2024-03-30
347,52,salary_earner,2024-09-03
348,20,salary_earner,2025-10-01
349,53,passive_user,2024-02-29
350,26,salary_earner,2025-12-20
351,49,student,2024-04-15
352,18,salary_earner,2025-01-10
353,48,gig_worker,2024-03-30
354,39,gig_worker,2024-03-20
355,21,salary_earner,2025-03-02
356,48,salary_earner,2024-09-11
357,22,salary_earner,2024-06-27
358,22,gig_worker,2024-07-15
359,21,gig_worker,2024-05-02
360,54,salary_earner,2024-06-06
361,23,passive_user,2025-10-13
362,25,passive_user,2025-07-17
363,44,gig_worker,2025-02-20
364,32,student,2025-07-14
365,42,intentional_saver,2024-12-08
366,46,gig_worker,2026-01-13
367,55,salary_earner,2025-09-02
368,37,passive_user,2024-08-27
369,21,gig_worker,2025-06-12
370,24,student,2025-02-09
371,31,passive_user,2025-07-03
372,34,student,2024-05-28
373,28,student,2025-06-07
374,53,salary_earner,2025-03-24
375,18,salary_earner,2025-03-02
376,48,gig_worker,2026-02-15
377,32,salary_earner,2025-07-12
378,36,salary_earner,2024-07-26
379,47,student,2025-12-31
380,32,salary_earner,2024-07-24
381,55,passive_user,2025-03-26
382,30,student,2025-12-15
383,52,gig_worker,2024-06-28
384,27,salary_earner,2025-11-05
385,27,passive_user,2026-01-02
386,28,salary_earner,2025-06-21
387,54,intentional_saver,2024-08-14
388,46,passive_user,2025-01-09
389,37,salary_earner,2025-12-08
390,35,student,2024-09-06
391,49,gig_worker,2025-09-17
392,20,gig_worker,2024-12-20
393,38,intentional_saver,2026-01-13
394,19,student,2024-06-11
395,54,salary_earner,2024-09-22
396,19,gig_worker,2025-10-30
397,35,passive_user,2024-11-15
398,29,gig_worker,2024-10-11
399,46,gig_worker,2024-06-08
400,29,passive_user,2026-01-03
401,45,passive_user,2024-05-03
402,49,student,2025-03-08
403,48,passive_user,2024-11-27
404,39,salary_earner,2025-03-13
405,24,salary_earner,2025-05-03
406,39,intentional_saver,2024-10-06
407,49,gig_worker,2024-03-17
408,43,salary_earner,2026-01-01
409,53,intentional_saver,2024-12-18
410,23,salary_earner,2026-01-17
411,38,salary_earner,2025-09-26
412,43,salary_earner,2025-09-12
413,18,intentional_saver,2025-10-25
414,52,student,2025-01-16
415,21,gig_worker,2026-02-12
416,41,salary_earner,2026-02-17
417,49,student,2025-11-03
418,21,student,2025-11-02
419,53,salary_earner,2024-04-09
420,36,salary_earner,2024-12-31
421,49,gig_worker,2025-02-05
422,33,salary_earner,2025-04-14
423,37,student,2025-11-22
424,53,gig_worker,2025-11-26
425,32,gig_worker,2025-05-21
426,25,passive_user,2024-05-21
427,25,gig_worker,2025-09-14
428,27,student,2024-06-17
429,36,gig_worker,2025-10-27
430,35,gig_worker,2024-04-13
431,48,gig_worker,2024-04-27
432,33,passive_user,2024-05-18
433,27,gig_worker,2025-10-17
434,50,gig_worker,2024-03-14
435,26,student,2025-11-15
436,35,intentional_saver,2025-09-18
437,44,intentional_saver,2025-03-29
438,50,salary_earner,2025-12-02
439,18,salary_earner,2025-04-22
440,37,salary_earner,2026-01-23
441,55,intentional_saver,2025-03-04
442,49,passive_user,2025-09-27
443,46,intentional_saver,2025-01-13
444,40,gig_worker,2025-02-09
445,52,salary_earner,2025-12-13
446,38,gig_worker,2025-04-20
447,33,intentional_saver,2024-06-30
448,32,gig_worker,2024-07-24
449,44,intentional_saver,2025-08-21
450,48,salary_earner,2025-04-12
451,42,student,2026-01-14
452,27,gig_worker,2025-02-14
453,20,gig_worker,2025-05-31
454,55,salary_earner,2026-02-07
455,24,salary_earner,2025-03-28
456,46,intentional_saver,2024-09-21
457,47,salary_earner,2024-11-25
458,27,salary_earner,2024-04-13
459,27,gig_worker,2026-02-26
460,34,salary_earner,2024-06-19
461,43,salary_earner,2024-07-20
462,39,student,2025-02-01
463,52,intentional_saver,2024-09-12
464,38,gig_worker,2024-12-16
465,49,student,2024-04-20
466,20,intentional_saver,2025-04-26
467,33,student,2024-08-26
468,36,student,2024-06-05
469,23,passive_user,2025-07-15
470,24,gig_worker,2026-01-12
471,24,intentional_saver,2024-09-09
472,37,gig_worker,2024-09-30
473,20,passive_user,2024-08-08
474,21,salary_earner,2025-04-17
475,41,salary_earner,2026-02-23
476,33,gig_worker,2026-01-05
477,54,gig_worker,2024-06-07
478,29,student,2024-05-30
479,23,salary_earner,2024-11-14
480,42,student,2025-11-07
481,33,student,2024-06-09
482,55,gig_worker,2024-11-20
483,47,salary_earner,2024-12-11
484,47,student,2025-01-16
485,18,salary_earner,2024-11-24
486,47,intentional_saver,2025-06-20
487,52,passive_user,2025-05-12
488,46,salary_earner,2024-05-04
489,55,passive_user,2025-01-04
490,45,salary_earner,2024-04-22
491,47,student,2025-08-09
492,30,intentional_saver,2026-02-05
493,48,passive_user,2025-05-19
494,42,salary_earner,2024-09-24
495,54,gig_worker,2025-12-06
496,36,salary_earner,2026-01-09
497,43,salary_earner,2025-07-18
498,54,salary_earner,2025-04-23
499,21,intentional_saver,2024-12-21
500,49,passive_user,2024-09-28
501,36,intentional_saver,2025-02-14
502,32,intentional_saver,2025-03-13
503,40,student,2024-11-17
504,30,salary_earner,2025-09-17
505,26,student,2025-10-09
506,20,student,2025-03-24
507,46,salary_earner,2024-07-29
508,41,salary_earner,2026-01-26
509,23,student,2025-03-07
510,38,passive_user,2024-08-15
511,29,student,2025-07-24
512,52,salary_earner,2025-09-10
513,41,intentional_saver,2025-06-08
514,35,gig_worker,2024-07-12
515,34,intentional_saver,2025-05-25
516,48,passive_user,2025-03-27
517,36,passive_user,2025-05-09
518,39,student,2024-07-26
519,47,intentional_saver,2025-05-16
520,27,passive_user,2024-08-25
521,32,intentional_saver,2025-11-18
522,43,intentional_saver,2024-08-07
523,53,passive_user,2025-04-23
524,43,gig_worker,2025-07-23
525,52,salary_earner,2025-03-18
526,41,salary_earner,2024-06-17
527,34,student,2025-05-21
528,41,gig_worker,2025-04-16
529,32,salary_earner,2025-09-30
530,53,gig_worker,2026-01-13
531,32,salary_earner,2024-11-04
532,47,student,2026-02-18
533,37,passive_user,2024-08-22
534,25,student,2024-10-10
535,20,salary_earner,2024-12-31
536,49,salary_earner,2025-02-25
537,33,salary_earner,2024-12-10
538,26,intentional_saver,2024-04-06
539,41,gig_worker,2025-10-19
540,52,student,2025-08-09
541,27,gig_worker,2024-12-08
542,24,intentional_saver,2024-10-15
543,44,intentional_saver,2025-09-14
544,35,passive_user,2025-10-16
545,41,salary_earner,2024-05-10
546,46,salary_earner,2025-03-08
547,41,passive_user,2024-09-25
548,41,salary_earner,2025-10-28
549,40,gig_worker,2025-05-17
550,35,salary_earner,2024-12-11
551,25,salary_earner,2025-11-05
552,47,passive_user,2025-08-14
553,31,salary_earner,2025-10-18
554,19,student,2024-05-04
555,39,salary_earner,2024-10-02
556,26,salary_earner,2025-06-04
557,31,intentional_saver,2025-11-27
558,53,salary_earner,2024-12-01
559,31,salary_earner,2025-01-20
560,32,intentional_saver,2024-04-25
561,27,salary_earner,2024-11-21
562,18,intentional_saver,2025-08-29
563,27,salary_earner,2026-02-25
564,52,passive_user,2025-07-31
565,29,salary_earner,2024-04-30
566,19,salary_earner,2024-05-03
567,40,salary_earner,2025-02-25
568,33,intentional_saver,2024-11-05
569,19,gig_worker,2024-03-21
570,21,salary_earner,2025-06-06
571,44,salary_earner,2025-10-13
572,22,gig_worker,2025-07-10
573,41,gig_worker,2025-02-03
574,24,gig_worker,2025-08-15
575,32,gig_worker,2024-08-05
576,20,passive_user,2024-12-21
577,51,student,2025-08-06
578,19,salary_earner,2024-06-25
579,48,salary_earner,2025-11-12
580,45,intentional_saver,2025-11-22
581,49,student,2024-10-31
582,46,student,2025-01-05
583,23,salary_earner,2025-01-29
584,27,salary_earner,2024-09-04
585,35,salary_earner,2026-02-10
586,55,student,2024-08-10
587,38,gig_worker,2024-07-02
588,51,gig_worker,2025-09-16
589,50,salary_earner,2024-03-03
590,24,student,2025-07-13
591,25,intentional_saver,2024-11-04
592,53,intentional_saver,2025-06-14
593,31,student,2024-03-05
594,32,gig_worker,2024-05-08
595,47,gig_worker,2026-02-01
596,24,gig_worker,2024-09-12
597,38,salary_earner,2025-10-19
598,41,student,2026-02-20
599,48,passive_user,2024-08-18
600,23,salary_earner,2024-06-28
601,24,salary_earner,2024-12-24
602,41,student,2024-06-30
603,53,intentional_saver,2025-04-03
604,53,salary_earner,2025-01-05
605,25,gig_worker,2024-07-18
606,45,gig_worker,2024-10-03
607,21,intentional_saver,2025-03-07
608,37,passive_user,2024-04-05
609,54,gig_worker,2024-11-27
610,27,gig_worker,2024-05-02
611,32,student,2024-05-30
612,40,intentional_saver,2026-02-23
613,41,intentional_saver,2025-01-08
614,35,salary_earner,2024-10-25
615,45,gig_worker,2025-04-18
616,53,intentional_saver,2025-06-24
617,35,salary_earner,2025-05-22
618,35,salary_earner,2025-07-04
619,37,student,2025-05-24
620,40,passive_user,2026-01-10
621,27,salary_earner,2024-12-05
622,43,gig_worker,2025-08-22
623,19,salary_earner,2024-10-07
624,51,salary_earner,2024-09-15
625,44,salary_earner,2025-07-10
626,28,gig_worker,2024-11-10
627,38,gig_worker,2024-11-08
628,54,intentional_saver,2024-11-20
629,21,gig_worker,2025-08-01
630,21,salary_earner,2025-05-25
631,35,student,2025-09-15
632,45,gig_worker,2024-10-22
633,46,gig_worker,2024-09-29
634,31,gig_worker,2025-01-02
635,25,intentional_saver,2026-01-19
636,25,salary_earner,2025-12-13
637,55,salary_earner,2025-08-05
638,37,gig_worker,2025-02-09
639,43,salary_earner,2025-09-01
640,21,passive_user,2024-11-02
641,37,salary_earner,2024-06-18
642,26,passive_user,2024-12-10
643,36,intentional_saver,2025-04-20
644,18,salary_earner,2025-04-20
645,45,gig_worker,2025-05-24
646,42,salary_earner,2026-01-15
647,32,gig_worker,2025-01-30
648,40,gig_worker,2026-01-03
649,20,salary_earner,2026-02-20
650,47,gig_worker,2025-04-23
651,38,passive_user,2025-08-16
652,54,gig_worker,2024-10-11
653,44,gig_worker,2025-06-10
654,43,salary_earner,2026-01-23
655,38,salary_earner,2026-01-08
656,47,salary_earner,2026-02-19
657,41,intentional_saver,2025-02-17
658,24,salary_earner,2024-08-14
659,55,salary_earner,2025-08-12
660,23,gig_worker,2025-06-05
661,37,gig_worker,2025-04-26
662,32,student,2025-04-17
663,28,salary_earner,2025-07-16
664,25,salary_earner,2025-09-09
665,30,gig_worker,2024-09-22
666,40,passive_user,2024-10-14
667,27,gig_worker,2025-02-10
668,27,salary_earner,2025-04-26
669,29,salary_earner,2025-02-07
670,22,student,2025-12-06
671,49,salary_earner,2025-02-11
672,54,gig_worker,2025-03-23
673,46,intentional_saver,2024-11-30
674,54,student,2025-02-21
675,38,student,2025-08-28
676,38,intentional_saver,2024-08-17
677,22,salary_earner,2024-03-21
678,37,gig_worker,2025-09-14
679,55,intentional_saver,2025-05-08
680,50,salary_earner,2024-12-22
681,47,salary_earner,2025-06-26
682,21,gig_worker,2024-03-27
683,36,gig_worker,2024-05-28
684,23,salary_earner,2024-10-26
685,50,student,2026-01-16
686,55,gig_worker,2024-05-16
687,20,gig_worker,2024-08-17
688,54,gig_worker,2025-03-29
689,38,student,2026-01-12
690,50,student,2025-03-05
691,21,salary_earner,2024-04-06
692,39,gig_worker,2026-01-10
693,23,passive_user,2024-11-26
694,29,gig_worker,2025-12-22
695,46,salary_earner,2024-11-25
696,51,passive_user,2024-08-22
697,28,gig_worker,2025-11-21
698,36,gig_worker,2025-10-03
699,39,gig_worker,2024-08-21
700,21,student,2024-09-26
701,39,intentional_saver,2024-03-13
702,24,salary_earner,2026-01-29
703,42,gig_worker,2024-11-10
704,27,salary_earner,2024-11-20
705,55,salary_earner,2024-08-02
706,40,student,2025-03-25
707,43,salary_earner,2024-12-20
708,23,salary_earner,2025-04-18
709,42,salary_earner,2024-04-21
710,39,student,2024-07-29
711,51,intentional_saver,2025-12-28
712,45,salary_earner,2025-02-01
713,19,gig_worker,2025-04-20
714,29,gig_worker,2024-09-15
715,39,passive_user,2025-11-16
716,49,passive_user,2024-03-29
717,26,salary_earner,2024-06-19
718,36,salary_earner,2025-02-24
719,24,intentional_saver,2024-05-10
720,52,gig_worker,2024-09-22
721,51,intentional_saver,2024-10-14
722,39,salary_earner,2024-07-25
723,26,intentional_saver,2024-12-31
724,27,gig_worker,2025-09-14
725,28,salary_earner,2024-07-21
726,20,student,2026-02-03
727,33,gig_worker,2025-09-15
728,36,passive_user,2025-03-21
729,46,intentional_saver,2025-08-14
730,33,salary_earner,2025-05-11
731,48,salary_earner,2024-08-31
732,30,passive_user,2025-05-23
733,54,gig_worker,2026-02-26
734,47,passive_user,2025-12-20
735,42,intentional_saver,2025-12-05
736,44,gig_worker,2024-04-10
737,30,passive_user,2024-04-06
738,26,intentional_saver,2025-06-05
739,21,intentional_saver,2025-07-31
740,41,student,2024-07-30
741,24,gig_worker,2025-05-31
742,51,student,2024-09-28
743,36,intentional_saver,2024-03-13
744,28,salary_earner,2025-06-25
745,50,salary_earner,2024-09-02
746,45,salary_earner,2024-12-20
747,32,salary_earner,2025-12-19
748,40,intentional_saver,2024-12-25
749,44,passive_user,2024-08-26
750,50,salary_earner,2024-04-16
751,42,gig_worker,2025-01-31
752,41,passive_user,2024-09-05
753,38,salary_earner,2024-10-28
754,39,passive_user,2025-01-14
755,26,intentional_saver,2024-03-21
756,48,salary_earner,2024-04-17
757,26,student,2024-08-01
758,48,intentional_saver,2024-12-15
759,18,gig_worker,2024-08-11
760,19,passive_user,2024-09-30
761,27,salary_earner,2025-05-03
762,51,gig_worker,2025-11-03
763,36,gig_worker,2025-06-20
764,25,salary_earner,2024-06-18
765,44,salary_earner,2026-02-24
766,47,student,2024-05-08
767,49,salary_earner,2024-08-04
768,19,gig_worker,2026-01-14
769,54,student,2026-01-29
770,27,salary_earner,2025-03-30
771,18,salary_earner,2025-12-27
772,33,student,2025-07-26
773,29,gig_worker,2025-01-15
774,23,student,2024-07-10
775,41,gig_worker,2024-12-26
776,51,salary_earner,2025-09-28
777,50,gig_worker,2025-08-30
778,42,gig_worker,2025-04-10
779,20,intentional_saver,2025-05-18
780,41,student,2025-11-26
781,19,salary_earner,2025-01-01
782,22,gig_worker,2024-06-22
783,24,salary_earner,2024-06-03
784,39,intentional_saver,2024-08-13
785,40,salary_earner,2025-05-04
786,29,gig_worker,2024-03-25
787,47,intentional_saver,2025-11-14
788,48,passive_user,2024-04-14
789,26,student,2026-01-11
790,47,salary_earner,2025-07-05
791,30,salary_earner,2026-02-14
792,30,salary_earner,2024-10-13
793,38,intentional_saver,2024-07-01
794,50,passive_user,2024-10-28
795,52,gig_worker,2025-04-05
796,20,gig_worker,2025-06-24
797,30,intentional_saver,2024-09-24
798,21,salary_earner,2024-05-15
799,39,intentional_saver,2024-03-20
800,41,salary_earner,2026-01-14
801,43,gig_worker,2025-02-27
802,42,student,2025-03-09
803,29,salary_earner,2024-04-02
804,49,gig_worker,2024-07-23
805,51,gig_worker,2024-09-07
806,23,salary_earner,2025-12-02
807,23,student,2026-02-02
808,29,gig_worker,2026-02-26
809,38,gig_worker,2025-02-06
810,38,salary_earner,2024-12-31
811,37,student,2025-12-08
812,45,gig_worker,2025-07-06
813,46,salary_earner,2025-07-05
814,20,gig_worker,2024-07-30
815,40,student,2025-12-19
816,45,student,2024-06-29
817,21,salary_earner,2024-11-21
818,43,salary_earner,2024-12-12
819,28,gig_worker,2025-02-22
820,27,passive_user,2024-08-01
821,46,intentional_saver,2025-02-21
822,22,salary_earner,2025-02-16
823,41,salary_earner,2025-10-29
824,54,gig_worker,2025-12-17
825,27,salary_earner,2025-11-30
826,41,student,2024-04-10
827,22,gig_worker,2025-08-21
828,51,gig_worker,2025-10-01
829,38,gig_worker,2025-04-27
830,33,student,2025-11-02
831,19,passive_user,2024-08-05
832,49,student,2024-04-29
833,53,gig_worker,2024-04-24
834,34,salary_earner,2025-06-13
835,31,student,2025-11-16
836,36,passive_user,2025-04-18
837,49,student,2025-09-17
838,26,salary_earner,2024-08-27
839,46,intentional_saver,2026-01-24
840,46,salary_earner,2025-04-13
841,38,passive_user,2024-07-02
842,22,student,2025-12-17
843,36,gig_worker,2025-12-04
844,28,intentional_saver,2025-08-27
845,29,student,2024-05-08
846,50,intentional_saver,2024-05-01
847,30,salary_earner,2024-08-29
848,33,intentional_saver,2024-09-05
849,19,intentional_saver,2025-12-08
850,54,gig_worker,2025-05-04
851,53,gig_worker,2025-07-03
852,23,salary_earner,2024-12-08
853,43,salary_earner,2025-03-10
854,48,passive_user,2025-04-22
855,44,gig_worker,2024-07-11
856,22,intentional_saver,2026-01-09
857,38,salary_earner,2025-05-05
858,46,student,2025-02-24
859,51,gig_worker,2024-09-14
860,53,salary_earner,2024-06-09
861,29,student,2025-10-14
862,26,intentional_saver,2025-08-24
863,21,gig_worker,2025-03-15
864,51,intentional_saver,2025-10-07
865,28,salary_earner,2025-01-23
866,32,salary_earner,2025-07-26
867,51,salary_earner,2024-11-06
868,23,intentional_saver,2025-01-08
869,53,salary_earner,2025-05-29
870,37,salary_earner,2024-05-26
871,23,student,2024-09-22
872,28,gig_worker,2025-03-04
873,55,gig_worker,2025-07-17
874,39,salary_earner,2025-01-02
875,54,intentional_saver,2024-05-23
876,19,salary_earner,2025-05-22
877,54,salary_earner,2024-06-26
878,31,salary_earner,2025-05-04
879,44,intentional_saver,2024-09-10
880,19,student,2024-05-13
881,52,gig_worker,2024-06-27
882,37,salary_earner,2025-11-26
883,43,gig_worker,2024-08-10
884,22,salary_earner,2025-01-29
885,28,student,2026-01-03
886,48,gig_worker,2025-01-23
887,39,gig_worker,2024-07-04
888,38,student,2024-12-12
889,38,intentional_saver,2024-05-08
890,40,student,2024-03-15
891,26,passive_user,2025-02-07
892,50,intentional_saver,2024-08-31
893,38,gig_worker,2024-12-15
894,25,salary_earner,2025-08-10
895,33,salary_earner,2025-12-16
896,21,salary_earner,2025-04-03
897,42,salary_earner,2026-01-25
898,44,intentional_saver,2025-01-31
899,28,salary_earner,2025-07-07
900,54,intentional_saver,2024-07-26
901,30,student,2025-12-17
902,49,intentional_saver,2025-06-09
903,47,passive_user,2025-09-29
904,37,gig_worker,2024-06-24
905,23,gig_worker,2024-07-01
906,50,passive_user,2024-07-22
907,33,gig_worker,2025-06-20
908,40,salary_earner,2025-05-20
909,36,salary_earner,2024-04-09
910,48,gig_worker,2025-04-14
911,18,salary_earner,2024-04-04
912,45,intentional_saver,2025-10-03
913,34,salary_earner,2026-01-05
914,43,student,2024-04-09
915,43,gig_worker,2025-04-11
916,53,salary_earner,2025-09-10
917,53,salary_earner,2024-10-04
918,42,salary_earner,2025-08-23
919,53,gig_worker,2024-04-30
920,25,salary_earner,2025-05-17
921,24,salary_earner,2024-05-16
922,39,gig_worker,2025-09-29
923,41,gig_worker,2025-10-22
924,30,intentional_saver,2026-02-11
925,43,student,2024-09-27
926,20,gig_worker,2025-09-14
927,39,salary_earner,2026-02-06
928,51,intentional_saver,2024-08-22
929,50,gig_worker,2025-08-13
930,38,salary_earner,2025-12-07
931,37,salary_earner,2024-07-04
932,50,gig_worker,2024-03-17
933,52,intentional_saver,2025-02-25
934,54,gig_worker,2024-11-29
935,19,salary_earner,2024-08-05
936,25,gig_worker,2024-09-29
937,55,passive_user,2025-01-11
938,19,salary_earner,2024-10-31
939,34,gig_worker,2025-09-08
940,55,passive_user,2024-10-17
941,21,gig_worker,2025-06-25
942,28,gig_worker,2024-11-01
943,42,gig_worker,2024-04-07
944,33,salary_earner,2025-12-09
945,25,salary_earner,2024-07-19
946,46,salary_earner,2024-04-27
947,27,salary_earner,2024-07-27
948,31,gig_worker,2025-11-01
949,48,gig_worker,2024-11-01
950,21,intentional_saver,2024-08-06
951,51,student,2025-09-12
952,38,salary_earner,2024-07-03
953,48,passive_user,2025-02-12
954,38,gig_worker,2024-03-11
955,47,passive_user,2024-03-13
956,39,passive_user,2024-04-05
957,34,gig_worker,2024-10-11
958,30,student,2026-02-11
959,35,passive_user,2025-03-10
960,32,gig_worker,2025-04-22
961,37,passive_user,2025-05-09
962,31,intentional_saver,2024-05-12
963,49,student,2024-06-17
964,40,salary_earner,2024-05-18
965,35,gig_worker,2024-12-17
966,54,salary_earner,2025-10-21
967,42,student,2024-11-07
968,43,intentional_saver,2024-10-30
969,27,intentional_saver,2025-10-24
970,36,salary_earner,2026-02-07
971,23,passive_user,2024-03-29
972,46,salary_earner,2024-06-15
973,48,student,2024-11-27
974,52,salary_earner,2025-01-29
975,53,salary_earner,2025-04-11
976,26,student,2025-07-31
977,55,salary_earner,2024-11-17
978,21,salary_earner,2024-12-06
979,51,student,2025-10-06
980,32,salary_earner,2025-05-01
981,44,salary_earner,2026-01-20
982,48,salary_earner,2024-08-17
983,26,salary_earner,2024-05-22
984,53,salary_earner,2025-01-08
985,28,passive_user,2025-03-07
986,48,gig_worker,2025-01-11
987,30,gig_worker,2025-07-17
988,36,intentional_saver,2025-10-02
989,21,salary_earner,2024-07-03
990,23,passive_user,2025-12-15
991,32,student,2025-03-19
992,20,gig_worker,2024-09-17
993,29,passive_user,2025-12-21
994,29,gig_worker,2025-01-26
995,20,passive_user,2024-03-04
996,43,passive_user,2025-04-05
997,29,intentional_saver,2025-11-19
998,36,passive_user,2024-11-24
999,18,intentional_saver,2024-11-02
1000,24,salary_earner,2024-06-14
1001,39,passive_user,2024-04-23
1002,52,salary_earner,2025-11-06
1003,26,gig_worker,2026-01-12
1004,47,intentional_saver,2024-11-12
1005,25,salary_earner,2024-07-21
1006,47,salary_earner,2025-05-24
1007,29,student,2024-03-31
1008,39,salary_earner,2024-10-12
1009,54,intentional_saver,2025-07-29
1010,30,student,2024-03-16
1011,43,salary_earner,2024-11-19
1012,50,intentional_saver,2024-08-29
1013,43,salary_earner,2025-04-05
1014,29,student,2025-03-12
1015,48,passive_user,2024-09-29
1016,33,salary_earner,2024-11-29
1017,42,salary_earner,2025-04-25
1018,35,salary_earner,2024-10-12
1019,37,passive_user,2026-01-14
1020,54,gig_worker,2025-12-20
1021,41,salary_earner,2025-08-24
1022,21,student,2024-10-24
1023,47,student,2024-04-11
1024,43,salary_earner,2024-07-26
1025,37,student,2025-06-12
1026,36,student,2025-07-06
1027,32,gig_worker,2025-04-12
1028,26,salary_earner,2024-10-17
1029,47,gig_worker,2025-08-09
1030,41,student,2025-11-05
1031,53,gig_worker,2025-04-25
1032,52,passive_user,2024-12-22
1033,31,intentional_saver,2026-01-01
1034,23,intentional_saver,2024-08-13
1035,51,gig_worker,2024-09-23
1036,22,student,2025-08-31
1037,25,passive_user,2025-01-12
1038,53,salary_earner,2025-05-09
1039,30,passive_user,2025-06-03
1040,27,gig_worker,2025-05-11
1041,51,salary_earner,2024-07-22
1042,31,gig_worker,2025-05-28
1043,49,student,2024-12-15
1044,50,salary_earner,2025-07-20
1045,21,gig_worker,2024-10-19
1046,50,gig_worker,2025-08-07
1047,54,gig_worker,2025-03-24
1048,47,salary_earner,2024-04-27
1049,37,student,2025-08-11
1050,43,student,2026-02-24
1051,18,salary_earner,2024-04-13
1052,55,student,2025-09-19
1053,45,salary_earner,2024-03-03
1054,22,salary_earner,2024-03-22
1055,21,gig_worker,2024-09-15
1056,22,passive_user,2024-03-30
1057,48,passive_user,2024-12-04
1058,44,salary_earner,2024-10-03
1059,26,salary_earner,2025-06-06
1060,44,intentional_saver,2025-08-31
1061,42,gig_worker,2025-08-31
1062,42,gig_worker,2025-05-18
1063,52,gig_worker,2026-02-12
1064,40,salary_earner,2026-01-16
1065,52,salary_earner,2025-07-21
1066,26,gig_worker,2025-10-26
1067,32,student,2025-05-03
1068,19,intentional_saver,2025-01-23
1069,47,passive_user,2024-10-12
1070,52,student,2024-10-13
1071,42,gig_worker,2024-08-02
1072,33,intentional_saver,2024-06-17
1073,27,gig_worker,2025-10-06
1074,25,salary_earner,2025-05-02
1075,44,salary_earner,2025-04-08
1076,19,student,2025-12-22
1077,22,salary_earner,2024-09-11
1078,20,salary_earner,2025-10-18
1079,21,gig_worker,2025-06-23
1080,20,salary_earner,2025-03-05
1081,32,gig_worker,2024-05-02
1082,21,gig_worker,2025-07-15
1083,36,salary_earner,2024-09-03
1084,54,salary_earner,2024-11-13
1085,38,salary_earner,2025-11-17
1086,27,salary_earner,2024-03-18
1087,51,passive_user,2024-07-27
1088,37,salary_earner,2024-06-02
1089,53,salary_earner,2024-08-15
1090,29,passive_user,2025-10-29
1091,45,student,2024-06-08
1092,21,gig_worker,2025-01-11
1093,42,passive_user,2024-12-04
1094,38,intentional_saver,2024-03-22
1095,44,student,2025-10-23
1096,42,salary_earner,2024-12-25
1097,52,salary_earner,2024-07-30
1098,32,gig_worker,2026-02-15
1099,27,salary_earner,2025-03-30
1100,21,intentional_saver,2024-06-23
1101,44,gig_worker,2024-12-16
1102,26,gig_worker,2025-02-20
1103,34,gig_worker,2025-08-14
1104,23,salary_earner,2024-12-20
1105,41,passive_user,2025-07-29
1106,30,salary_earner,2024-10-21
1107,42,salary_earner,2025-02-24
1108,20,student,2025-12-04
1109,30,intentional_saver,2025-08-22
1110,55,intentional_saver,2024-04-18
1111,53,student,2024-04-19
1112,31,salary_earner,2024-07-25
1113,39,intentional_saver,2024-06-12
1114,18,salary_earner,2024-12-01
1115,30,salary_earner,2025-10-26
1116,25,passive_user,2024-03-14
1117,48,student,2024-12-09
1118,31,passive_user,2025-12-05
1119,33,gig_worker,2025-11-10
1120,36,gig_worker,2024-10-28
1121,52,gig_worker,2025-05-30
1122,37,student,2024-03-24
1123,50,salary_earner,2024-04-13
1124,47,intentional_saver,2025-02-05
1125,48,salary_earner,2026-01-16
1126,38,intentional_saver,2024-09-07
1127,41,passive_user,2025-06-21
1128,20,salary_earner,2025-12-19
1129,32,gig_worker,2024-08-27
1130,19,student,2024-07-27
1131,55,salary_earner,2025-08-26
1132,44,gig_worker,2025-06-23
1133,30,salary_earner,2025-09-30
1134,42,salary_earner,2024-04-25
1135,33,gig_worker,2024-03-28
1136,39,gig_worker,2024-05-08
1137,49,salary_earner,2025-10-29
1138,49,passive_user,2025-07-29
1139,40,gig_worker,2026-02-08
1140,52,salary_earner,2024-05-19
1141,52,gig_worker,2024-11-16
1142,21,passive_user,2025-12-22
1143,22,gig_worker,2025-01-05
1144,21,passive_user,2025-05-24
1145,44,intentional_saver,2024-11-02
1146,32,salary_earner,2025-10-30
1147,27,salary_earner,2025-03-07
1148,50,salary_earner,2025-01-29
1149,21,gig_worker,2026-02-16
1150,48,student,2025-02-05
1151,19,student,2024-07-13
1152,53,salary_earner,2024-10-11
1153,19,gig_worker,2025-03-31
1154,35,gig_worker,2025-12-14
1155,36,gig_worker,2026-02-18
1156,45,salary_earner,2024-07-03
1157,29,intentional_saver,2025-07-15
1158,24,salary_earner,2024-03-17
1159,33,gig_worker,2024-06-28
1160,51,salary_earner,2024-07-31
1161,40,salary_earner,2024-09-13
1162,43,salary_earner,2024-05-20
1163,43,salary_earner,2024-10-26
1164,33,gig_worker,2025-07-23
1165,32,passive_user,2025-12-06
1166,23,salary_earner,2024-05-14
1167,20,student,2026-01-15
1168,42,salary_earner,2024-10-13
1169,48,gig_worker,2025-03-19
1170,18,salary_earner,2025-04-03
1171,23,student,2025-03-13
1172,45,gig_worker,2026-02-05
1173,39,student,2025-09-09
1174,24,gig_worker,2025-10-06
1175,20,intentional_saver,2025-10-10
1176,54,salary_earner,2025-07-03
1177,20,gig_worker,2024-03-15
1178,35,passive_user,2025-03-24
1179,54,intentional_saver,2025-02-14
1180,29,student,2025-06-26
1181,38,passive_user,2025-12-17
1182,31,salary_earner,2024-06-01
1183,43,gig_worker,2025-01-26
1184,37,passive_user,2024-08-20
1185,33,salary_earner,2025-02-13
1186,42,gig_worker,2024-09-09
1187,52,student,2025-08-02
1188,26,salary_earner,2024-04-23
1189,23,intentional_saver,2025-07-02
1190,40,gig_worker,2024-06-29
1191,45,salary_earner,2025-05-04
1192,22,salary_earner,2025-06-13
1193,43,salary_earner,2024-08-17
1194,38,passive_user,2025-02-18
1195,35,salary_earner,2024-09-14
1196,46,intentional_saver,2024-10-04
1197,40,gig_worker,2024-11-27
1198,42,gig_worker,2024-08-29
1199,55,gig_worker,2025-01-30
1200,23,student,2025-01-14
1201,36,intentional_saver,2025-09-03
1202,22,intentional_saver,2025-08-23
1203,27,salary_earner,2024-03-19
1204,27,gig_worker,2024-08-31
1205,38,student,2024-09-06
1206,23,gig_worker,2024-12-04
1207,37,salary_earner,2025-12-20
1208,35,gig_worker,2024-07-15
1209,23,salary_earner,2025-01-12
1210,46,salary_earner,2025-05-08
1211,50,gig_worker,2025-05-24
1212,19,gig_worker,2024-07-16
1213,53,salary_earner,2026-01-15
1214,38,salary_earner,2026-02-04
1215,18,intentional_saver,2024-11-28
1216,42,salary_earner,2025-10-09
1217,53,intentional_saver,2024-04-29
1218,33,passive_user,2024-12-28
1219,28,gig_worker,2025-02-23
1220,28,student,2025-10-28
1221,37,salary_earner,2025-07-14
1222,27,salary_earner,2024-05-08
1223,45,salary_earner,2025-11-23
1224,37,salary_earner,2024-12-30
1225,22,gig_worker,2024-11-04
1226,33,gig_worker,2026-02-26
1227,49,student,2024-05-08
1228,30,gig_worker,2025-04-13
1229,26,gig_worker,2024-08-01
1230,43,salary_earner,2024-05-20
1231,42,salary_earner,2025-05-19
1232,39,intentional_saver,2025-11-04
1233,45,gig_worker,2024-10-04
1234,26,intentional_saver,2024-06-07
1235,30,salary_earner,2024-11-06
1236,29,gig_worker,2026-02-16
1237,38,passive_user,2025-11-24
1238,49,salary_earner,2025-08-08
1239,33,passive_user,2025-08-05
1240,35,salary_earner,2025-11-30
1241,43,intentional_saver,2025-02-15
1242,54,gig_worker,2025-12-09
1243,52,salary_earner,2025-08-02
1244,53,salary_earner,2025-04-08
1245,47,salary_earner,2025-09-11
1246,31,passive_user,2025-02-08
1247,36,gig_worker,2025-05-07
1248,22,intentional_saver,2026-02-07
1249,44,intentional_saver,2025-12-25
1250,26,student,2025-05-10
1251,33,student,2025-11-03
1252,27,salary_earner,2025-03-08
1253,42,student,2026-01-20
1254,48,salary_earner,2024-11-21
1255,52,gig_worker,2024-06-26
1256,44,gig_worker,2024-09-22
1257,41,gig_worker,2026-01-24
1258,52,student,2024-11-07
1259,23,gig_worker,2026-01-01
1260,33,salary_earner,2025-02-02
1261,40,student,2026-01-07
1262,20,salary_earner,2025-08-14
1263,43,gig_worker,2024-09-30
1264,39,passive_user,2025-01-11
1265,45,passive_user,2024-09-21
1266,24,salary_earner,2026-01-01
1267,50,salary_earner,2025-04-12
1268,53,student,2025-10-14
1269,54,gig_worker,2024-06-09
1270,41,salary_earner,2024-03-17
1271,55,gig_worker,2024-08-18
1272,27,student,2025-05-05
1273,19,salary_earner,2025-04-30
1274,36,gig_worker,2024-07-13
1275,23,gig_worker,2024-07-02
1276,27,salary_earner,2025-01-09
1277,39,salary_earner,2025-03-21
1278,31,gig_worker,2024-10-03
1279,40,gig_worker,2025-03-21
1280,46,gig_worker,2025-09-23
1281,46,student,2024-07-07
1282,37,salary_earner,2024-11-14
1283,25,salary_earner,2025-06-17
1284,39,salary_earner,2025-09-09
1285,28,student,2025-08-22
1286,33,passive_user,2024-12-16
1287,53,gig_worker,2025-01-27
1288,53,salary_earner,2025-08-04
1289,47,gig_worker,2024-07-09
1290,43,salary_earner,2025-08-05
1291,29,student,2025-10-24
1292,45,student,2025-05-24
1293,30,gig_worker,2026-01-29
1294,45,gig_worker,2024-03-13
1295,31,gig_worker,2026-02-01
1296,22,salary_earner,2024-03-07
1297,52,gig_worker,2024-05-18
1298,38,salary_earner,2024-07-28
1299,25,salary_earner,2025-11-30
1300,49,salary_earner,2024-11-05
1301,38,gig_worker,2024-11-13
1302,43,gig_worker,2024-07-24
1303,40,gig_worker,2025-02-18
1304,47,gig_worker,2024-05-09
1305,37,student,2025-04-16
1306,55,passive_user,2025-01-21
1307,26,salary_earner,2025-08-25
1308,33,salary_earner,2025-12-15
1309,29,salary_earner,2025-09-09
1310,27,gig_worker,2025-11-09
1311,44,gig_worker,2025-05-04
1312,54,gig_worker,2025-09-13
1313,29,gig_worker,2025-06-28
1314,52,gig_worker,2026-02-18
1315,29,student,2025-06-23
1316,49,gig_worker,2025-04-02
1317,29,salary_earner,2024-06-14
1318,46,salary_earner,2025-01-28
1319,40,student,2025-07-21
1320,49,passive_user,2024-10-01
1321,42,salary_earner,2024-08-06
1322,50,passive_user,2025-04-10
1323,44,student,2026-01-12
1324,44,student,2024-04-19
1325,46,student,2024-07-22
1326,23,gig_worker,2025-02-01
1327,32,gig_worker,2024-04-03
1328,35,salary_earner,2025-08-03
1329,36,salary_earner,2024-11-17
1330,47,salary_earner,2024-06-22
1331,49,gig_worker,2024-11-19
1332,25,gig_worker,2025-01-12
1333,35,gig_worker,2025-08-14
1334,41,intentional_saver,2024-11-15
1335,20,gig_worker,2025-05-18
1336,46,intentional_saver,2026-02-12
1337,45,gig_worker,2025-05-10
1338,33,salary_earner,2024-07-22
1339,20,salary_earner,2025-09-21
1340,40,gig_worker,2025-09-28
1341,23,intentional_saver,2025-05-03
1342,25,gig_worker,2026-02-10
1343,33,intentional_saver,2025-11-28
1344,55,salary_earner,2025-07-30
1345,45,student,2025-01-04
1346,26,salary_earner,2024-06-04
1347,31,intentional_saver,2025-03-21
1348,54,intentional_saver,2025-06-26
1349,35,gig_worker,2025-01-12
1350,28,gig_worker,2024-08-16
1351,36,salary_earner,2025-12-24
1352,35,salary_earner,2025-02-14
1353,50,passive_user,2025-02-01
1354,24,passive_user,2024-11-20
1355,44,salary_earner,2026-01-19
1356,35,passive_user,2024-10-23
1357,26,intentional_saver,2025-09-16
1358,26,student,2025-01-08
1359,38,salary_earner,2024-12-20
1360,43,intentional_saver,2024-03-24
1361,54,gig_worker,2024-09-07
1362,44,student,2025-02-14
1363,22,gig_worker,2025-05-31
1364,23,student,2025-12-31
1365,35,gig_worker,2025-01-03
1366,41,student,2025-08-01
1367,49,gig_worker,2025-12-30
1368,18,salary_earner,2024-10-06
1369,23,intentional_saver,2024-08-12
1370,47,student,2024-07-02
1371,40,student,2024-10-10
1372,52,intentional_saver,2025-03-14
1373,45,gig_worker,2024-11-16
1374,49,intentional_saver,2024-03-01
1375,36,salary_earner,2025-06-30
1376,54,salary_earner,2025-06-03
1377,49,salary_earner,2024-06-02
1378,21,intentional_saver,2025-11-14
1379,47,salary_earner,2024-09-09
1380,28,salary_earner,2026-01-13
1381,18,gig_worker,2024-06-11
1382,45,passive_user,2024-04-21
1383,26,salary_earner,2026-01-06
1384,37,intentional_saver,2025-04-05
1385,35,salary_earner,2025-06-08
1386,41,salary_earner,2025-05-29
1387,41,salary_earner,2026-01-21
1388,28,student,2025-04-19
1389,37,salary_earner,2024-03-08
1390,32,student,2024-06-28
1391,23,gig_worker,2026-01-06
1392,18,student,2024-04-24
1393,22,salary_earner,2025-08-14
1394,32,salary_earner,2026-01-28
1395,46,gig_worker,2025-04-11
1396,39,salary_earner,2025-03-24
1397,45,intentional_saver,2024-09-12
1398,48,student,2025-10-02
1399,42,salary_earner,2025-03-30
1400,24,salary_earner,2024-12-29
1401,41,salary_earner,2025-11-07
1402,26,intentional_saver,2025-06-02
1403,26,gig_worker,2025-10-08
1404,27,student,2024-07-28
1405,54,salary_earner,2025-05-30
1406,28,salary_earner,2025-10-24
1407,31,gig_worker,2025-07-18
1408,27,student,2025-05-27
1409,46,passive_user,2024-07-21
1410,23,intentional_saver,2026-01-14
1411,26,intentional_saver,2024-08-25
1412,55,intentional_saver,2025-01-01
1413,40,student,2024-09-02
1414,38,passive_user,2024-05-30
1415,33,intentional_saver,2026-02-15
1416,23,salary_earner,2024-06-23
1417,36,salary_earner,2025-05-20
1418,19,intentional_saver,2024-07-05
1419,37,intentional_saver,2024-05-27
1420,50,salary_earner,2026-02-05
1421,43,salary_earner,2024-07-31
1422,21,salary_earner,2026-02-07
1423,33,intentional_saver,2024-12-30
1424,25,gig_worker,2024-04-26
1425,22,salary_earner,2025-10-21
1426,18,gig_worker,2025-09-19
1427,38,passive_user,2025-12-03
1428,54,salary_earner,2025-12-21
1429,52,gig_worker,2025-12-21
1430,48,student,2025-09-10
1431,22,passive_user,2024-10-03
1432,22,salary_earner,2024-07-08
1433,31,salary_earner,2024-08-18
1434,21,salary_earner,2024-08-19
1435,43,passive_user,2026-02-20
1436,50,gig_worker,2024-11-24
1437,45,intentional_saver,2025-05-26
1438,23,student,2024-08-04
1439,52,student,2024-11-22
1440,35,student,2025-03-11
1441,23,salary_earner,2025-05-18
1442,31,gig_worker,2024-05-02
1443,27,passive_user,2025-06-21
1444,43,gig_worker,2025-04-10
1445,22,gig_worker,2024-05-18
1446,45,salary_earner,2024-05-12
1447,33,student,2024-12-09
1448,23,salary_earner,2024-06-22
1449,25,passive_user,2024-09-07
1450,21,gig_worker,2026-02-17
1451,29,salary_earner,2025-06-25
1452,26,salary_earner,2026-02-20
1453,28,student,2025-12-19
1454,40,gig_worker,2025-07-21
1455,34,gig_worker,2024-05-04
1456,26,salary_earner,2025-09-26
1457,35,student,2024-08-28
1458,25,student,2025-01-22
1459,19,intentional_saver,2024-05-20
1460,45,salary_earner,2024-10-29
1461,22,salary_earner,2025-06-01
1462,54,salary_earner,2025-07-05
1463,49,student,2024-03-29
1464,41,gig_worker,2025-02-23
1465,54,salary_earner,2024-11-21
1466,28,salary_earner,2025-11-13
1467,24,salary_earner,2026-02-23
1468,25,intentional_saver,2025-05-12
1469,50,salary_earner,2025-04-14
1470,18,salary_earner,2024-08-11
1471,48,salary_earner,2024-12-24
1472,27,gig_worker,2025-09-01
1473,20,salary_earner,2025-09-29
1474,44,gig_worker,2025-08-31
1475,33,salary_earner,2026-01-27
1476,38,gig_worker,2025-12-18
1477,22,salary_earner,2025-11-08
1478,25,gig_worker,2025-01-13
1479,21,gig_worker,2024-12-31
1480,51,salary_earner,2025-02-18
1481,43,passive_user,2025-09-21
1482,47,salary_earner,2024-04-18
1483,37,intentional_saver,2024-04-16
1484,53,salary_earner,2025-11-19
1485,41,gig_worker,2025-03-12
1486,54,salary_earner,2024-04-18
1487,33,intentional_saver,2025-09-11
1488,55,gig_worker,2025-10-07
1489,30,passive_user,2025-05-20
1490,52,student,2024-12-24
1491,33,intentional_saver,2025-02-04
1492,44,salary_earner,2025-07-03
1493,52,salary_earner,2024-11-28
1494,18,salary_earner,2025-05-08
1495,18,passive_user,2024-09-26
1496,42,intentional_saver,2025-08-07
1497,37,intentional_saver,2025-05-04
1498,51,salary_earner,2025-05-07
1499,44,passive_user,2025-04-07
1500,21,gig_worker,2025-02-22
1501,27,passive_user,2024-04-23
1502,23,student,2025-04-18
1503,32,salary_earner,2024-11-11
1504,51,intentional_saver,2026-02-09
1505,41,gig_worker,2025-03-20
1506,23,gig_worker,2024-03-27
1507,50,gig_worker,2025-11-12
1508,43,salary_earner,2024-04-11
1509,54,salary_earner,2024-05-28
1510,26,salary_earner,2025-11-18
1511,34,salary_earner,2026-01-06
1512,43,intentional_saver,2024-10-05
1513,38,student,2025-05-26
1514,35,salary_earner,2026-01-23
1515,30,salary_earner,2025-12-05
1516,55,salary_earner,2025-10-27
1517,24,salary_earner,2025-08-15
1518,47,salary_earner,2024-10-03
1519,25,salary_earner,2025-06-15
1520,31,gig_worker,2025-09-12
1521,47,gig_worker,2025-11-11
1522,25,salary_earner,2024-03-02
1523,37,salary_earner,2024-04-07
1524,20,intentional_saver,2024-03-04
1525,38,salary_earner,2024-09-19
1526,33,salary_earner,2025-05-24
1527,43,passive_user,2025-10-11
1528,37,gig_worker,2026-01-11
1529,29,salary_earner,2025-09-29
1530,43,salary_earner,2024-10-18
1531,53,intentional_saver,2026-02-11
1532,33,student,2025-07-18
1533,24,salary_earner,2025-02-14
1534,26,intentional_saver,2024-05-08
1535,21,salary_earner,2024-03-25
1536,32,intentional_saver,2025-01-11
1537,43,salary_earner,2024-03-06
1538,23,gig_worker,2025-06-14
1539,34,gig_worker,2024-10-07
1540,22,passive_user,2024-05-06
1541,22,salary_earner,2024-11-12
1542,46,salary_earner,2024-03-16
1543,23,intentional_saver,2025-12-18
1544,39,passive_user,2025-08-09
1545,47,salary_earner,2025-12-06
1546,54,salary_earner,2024-08-15
1547,43,gig_worker,2025-05-11
1548,42,gig_worker,2025-02-06
1549,29,student,2024-07-17
1550,29,gig_worker,2024-08-31
1551,46,salary_earner,2025-07-15
1552,20,intentional_saver,2024-06-04
1553,33,student,2025-04-22
1554,49,student,2024-11-15
1555,53,gig_worker,2024-05-08
1556,23,gig_worker,2025-04-26
1557,26,salary_earner,2024-07-02
1558,51,gig_worker,2024-12-27
1559,52,salary_earner,2026-02-03
1560,42,intentional_saver,2025-01-20
1561,40,intentional_saver,2025-01-07
1562,49,gig_worker,2025-10-24
1563,54,salary_earner,2024-05-25
1564,42,gig_worker,2024-09-02
1565,19,salary_earner,2024-09-05
1566,32,salary_earner,2025-07-07
1567,35,salary_earner,2025-07-11
1568,48,salary_earner,2025-04-19
1569,55,gig_worker,2024-12-28
1570,28,passive_user,2025-12-13
1571,33,salary_earner,2025-08-26
1572,21,salary_earner,2025-09-18
1573,32,intentional_saver,2024-11-12
1574,42,gig_worker,2025-01-13
1575,29,gig_worker,2024-08-18
1576,55,salary_earner,2025-02-05
1577,40,salary_earner,2025-02-24
1578,19,passive_user,2025-10-29
1579,40,student,2024-10-29
1580,54,passive_user,2025-04-03
1581,30,salary_earner,2024-08-11
1582,49,intentional_saver,2024-11-07
1583,29,gig_worker,2025-05-10
1584,23,gig_worker,2024-05-25
1585,32,salary_earner,2024-10-05
1586,48,salary_earner,2025-03-18
1587,30,salary_earner,2025-11-05
1588,39,intentional_saver,2024-12-28
1589,38,student,2025-05-25
1590,27,salary_earner,2024-09-15
1591,27,gig_worker,2024-03-30
1592,51,intentional_saver,2026-01-04
1593,22,intentional_saver,2025-10-12
1594,43,gig_worker,2024-09-19
1595,39,gig_worker,2025-11-07
1596,26,salary_earner,2024-08-08
1597,45,passive_user,2024-09-09
1598,49,intentional_saver,2025-11-14
1599,29,student,2025-04-30
1600,53,student,2024-11-15
1601,40,student,2024-04-24
1602,55,salary_earner,2024-04-14
1603,42,intentional_saver,2024-04-18
1604,36,salary_earner,2025-03-29
1605,18,salary_earner,2025-07-12
1606,54,passive_user,2026-02-22
1607,54,gig_worker,2026-02-07
1608,38,salary_earner,2024-09-04
1609,32,passive_user,2026-02-17
1610,24,student,2024-09-16
1611,27,passive_user,2025-05-24
1612,22,salary_earner,2024-12-24
1613,38,salary_earner,2025-02-23
1614,23,salary_earner,2025-03-25
1615,39,intentional_saver,2026-02-14
1616,34,gig_worker,2025-08-08
1617,22,salary_earner,2024-03-29
1618,24,gig_worker,2025-12-02
1619,21,student,2024-12-09
1620,44,gig_worker,2025-09-17
1621,44,passive_user,2024-12-13
1622,42,gig_worker,2024-05-08
1623,42,gig_worker,2025-07-17
1624,48,salary_earner,2024-10-04
1625,54,intentional_saver,2025-10-10
1626,32,student,2025-03-11
1627,22,salary_earner,2024-08-18
1628,20,intentional_saver,2025-09-09
1629,38,salary_earner,2024-10-25
1630,24,salary_earner,2025-10-25
1631,28,salary_earner,2024-08-17
1632,28,intentional_saver,2025-10-28
1633,53,student,2025-02-21
1634,23,passive_user,2025-05-11
1635,48,salary_earner,2024-09-26
1636,45,student,2025-04-24
1637,28,passive_user,2025-02-09
1638,45,student,2024-12-12
1639,24,salary_earner,2025-05-14
1640,30,salary_earner,2024-10-04
1641,53,gig_worker,2024-10-02
1642,52,student,2026-01-13
1643,36,salary_earner,2024-08-13
1644,24,salary_earner,2024-03-11
1645,54,salary_earner,2025-03-07
1646,49,gig_worker,2025-08-07
1647,41,salary_earner,2025-11-23
1648,23,salary_earner,2025-01-12
1649,48,salary_earner,2024-06-27
1650,19,salary_earner,2025-09-11
1651,36,salary_earner,2025-09-10
1652,48,passive_user,2024-09-10
1653,37,intentional_saver,2025-08-10
1654,48,intentional_saver,2024-08-17
1655,34,gig_worker,2025-04-19
1656,52,salary_earner,2024-08-20
1657,41,gig_worker,2026-01-28
1658,41,intentional_saver,2024-03-08
1659,20,salary_earner,2025-04-30
1660,47,salary_earner,2025-03-22
1661,35,salary_earner,2025-02-03
1662,27,gig_worker,2025-12-26
1663,24,intentional_saver,2024-10-14
1664,40,salary_earner,2025-08-13
1665,44,intentional_saver,2024-06-10
1666,55,passive_user,2025-07-04
1667,21,salary_earner,2024-10-22
1668,51,intentional_saver,2024-09-18
1669,52,gig_worker,2024-08-17
1670,48,student,2026-02-08
1671,33,gig_worker,2025-05-26
1672,23,gig_worker,2024-07-21
1673,20,gig_worker,2026-02-10
1674,51,gig_worker,2024-08-20
1675,27,intentional_saver,2024-04-24
1676,46,salary_earner,2024-05-13
1677,28,salary_earner,2026-02-28
1678,30,passive_user,2025-08-23
1679,45,salary_earner,2025-07-29
1680,45,salary_earner,2025-10-24
1681,27,salary_earner,2024-03-25
1682,34,intentional_saver,2025-04-18
1683,22,salary_earner,2024-05-18
1684,53,salary_earner,2025-05-29
1685,38,gig_worker,2025-04-04
1686,51,intentional_saver,2025-09-23
1687,18,gig_worker,2024-11-16
1688,55,intentional_saver,2025-04-22
1689,44,gig_worker,2024-06-22
1690,27,salary_earner,2024-11-13
1691,55,salary_earner,2024-06-12
1692,24,gig_worker,2024-12-28
1693,54,passive_user,2026-02-04
1694,36,intentional_saver,2025-11-02
1695,40,intentional_saver,2025-08-17
1696,34,intentional_saver,2025-01-01
1697,49,gig_worker,2025-11-25
1698,48,gig_worker,2025-06-21
1699,35,salary_earner,2025-10-30
1700,43,gig_worker,2024-10-05
1701,39,salary_earner,2025-03-22
1702,21,student,2024-09-19
1703,35,student,2025-08-03
1704,19,intentional_saver,2025-12-19
1705,37,salary_earner,2024-10-18
1706,49,salary_earner,2025-11-28
1707,24,intentional_saver,2025-08-23
1708,32,passive_user,2025-03-23
1709,46,salary_earner,2026-02-02
1710,38,intentional_saver,2025-10-23
1711,44,salary_earner,2024-10-04
1712,23,student,2025-03-13
1713,31,salary_earner,2025-05-06
1714,44,passive_user,2025-01-31
1715,51,student,2026-01-20
1716,21,intentional_saver,2025-04-09
1717,28,gig_worker,2025-08-16
1718,50,salary_earner,2024-03-31
1719,51,gig_worker,2024-03-04
1720,19,intentional_saver,2024-06-24
1721,30,salary_earner,2024-04-21
1722,33,intentional_saver,2026-01-07
1723,21,salary_earner,2025-02-13
1724,30,passive_user,2024-09-28
1725,47,salary_earner,2024-11-12
1726,25,gig_worker,2025-02-01
1727,33,student,2026-02-28
1728,46,gig_worker,2024-07-10
1729,48,salary_earner,2025-11-04
1730,40,gig_worker,2025-11-03
1731,34,salary_earner,2024-12-19
1732,23,student,2024-05-31
1733,42,salary_earner,2026-02-09
1734,54,salary_earner,2024-06-21
1735,31,intentional_saver,2026-01-06
1736,32,intentional_saver,2025-10-28
1737,35,student,2025-10-22
1738,50,student,2024-05-11
1739,18,salary_earner,2024-09-15
1740,26,gig_worker,2025-07-05
1741,18,student,2024-12-26
1742,37,salary_earner,2024-04-04
1743,35,student,2025-07-09
1744,42,gig_worker,2025-11-30
1745,47,intentional_saver,2025-03-20
1746,47,salary_earner,2025-11-19
1747,51,salary_earner,2024-07-03
1748,43,intentional_saver,2024-12-20
1749,18,gig_worker,2025-11-17
1750,41,gig_worker,2024-11-09
1751,36,gig_worker,2025-06-28
1752,24,salary_earner,2024-09-11
1753,39,gig_worker,2024-04-13
1754,38,passive_user,2024-03-24
1755,34,intentional_saver,2025-03-10
1756,37,student,2024-07-04
1757,51,salary_earner,2026-01-10
1758,21,intentional_saver,2025-02-07
1759,43,intentional_saver,2026-02-28
1760,26,student,2024-08-28
1761,49,student,2025-03-07
1762,34,passive_user,2026-01-31
1763,43,passive_user,2025-06-01
1764,20,gig_worker,2024-03-14
1765,54,gig_worker,2025-09-19
1766,39,intentional_saver,2024-11-10
1767,32,student,2024-05-08
1768,48,student,2025-05-19
1769,40,passive_user,2025-09-13
1770,28,gig_worker,2024-12-16
1771,53,intentional_saver,2024-05-18
1772,24,salary_earner,2025-01-14
1773,34,gig_worker,2025-09-04
1774,53,student,2024-03-27
1775,29,intentional_saver,2024-12-07
1776,39,passive_user,2025-06-23
1777,32,student,2025-01-30
1778,37,gig_worker,2024-06-04
1779,39,gig_worker,2024-08-27
1780,55,gig_worker,2024-03-11
1781,25,salary_earner,2024-08-10
1782,55,gig_worker,2024-12-04
1783,22,gig_worker,2024-12-04
1784,30,gig_worker,2025-10-04
1785,42,gig_worker,2025-10-16
1786,44,gig_worker,2025-07-01
1787,27,salary_earner,2025-04-15
1788,30,salary_earner,2024-11-30
1789,54,salary_earner,2025-06-24
1790,47,intentional_saver,2024-11-13
1791,29,salary_earner,2024-08-22
1792,49,intentional_saver,2024-11-07
1793,29,salary_earner,2024-03-25
1794,21,salary_earner,2024-12-08
1795,35,salary_earner,2025-08-20
1796,28,salary_earner,2025-07-26
1797,28,gig_worker,2024-04-14
1798,23,gig_worker,2025-11-09
1799,45,salary_earner,2025-09-02
1800,43,student,2025-02-24
1801,48,gig_worker,2024-09-25
1802,20,gig_worker,2025-10-24
1803,41,gig_worker,2025-01-08
1804,38,passive_user,2025-01-09
1805,51,intentional_saver,2024-03-10
1806,18,salary_earner,2025-08-20
1807,33,student,2024-10-08
1808,40,salary_earner,2025-09-11
1809,24,salary_earner,2024-12-30
1810,55,gig_worker,2024-10-19
1811,22,salary_earner,2024-03-20
1812,37,intentional_saver,2025-08-02
1813,47,passive_user,2024-08-24
1814,51,student,2024-04-25
1815,26,salary_earner,2024-04-19
1816,49,salary_earner,2025-02-26
1817,30,gig_worker,2024-04-17
1818,43,salary_earner,2025-06-13
1819,32,salary_earner,2024-11-16
1820,26,student,2024-06-15
1821,19,salary_earner,2025-02-24
1822,28,gig_worker,2024-10-04
1823,20,salary_earner,2024-10-17
1824,34,gig_worker,2025-05-02
1825,21,intentional_saver,2025-03-18
1826,21,gig_worker,2025-02-25
1827,19,student,2024-10-09
1828,25,salary_earner,2024-06-22
1829,42,gig_worker,2026-02-23
1830,34,salary_earner,2024-03-13
1831,27,gig_worker,2024-11-26
1832,18,salary_earner,2025-06-14
1833,24,salary_earner,2025-10-18
1834,35,student,2024-08-19
1835,26,student,2024-03-02
1836,24,gig_worker,2024-05-12
1837,25,gig_worker,2024-03-15
1838,24,salary_earner,2024-10-01
1839,30,gig_worker,2025-04-28
1840,51,intentional_saver,2024-07-13
1841,40,passive_user,2024-10-19
1842,36,student,2024-05-11
1843,53,salary_earner,2024-06-06
1844,31,gig_worker,2025-11-13
1845,48,student,2026-01-26
1846,18,salary_earner,2025-02-16
1847,23,salary_earner,2025-05-09
1848,54,passive_user,2024-08-06
1849,27,student,2024-05-06
1850,50,passive_user,2024-08-28
1851,24,salary_earner,2024-05-24
1852,32,passive_user,2025-02-24
1853,36,gig_worker,2024-03-18
1854,21,salary_earner,2024-11-30
1855,29,salary_earner,2024-03-16
1856,36,intentional_saver,2024-07-22
1857,38,gig_worker,2025-09-05
1858,25,gig_worker,2026-01-28
1859,20,salary_earner,2025-04-27
1860,26,salary_earner,2025-10-30
1861,28,student,2025-12-31
1862,46,salary_earner,2025-10-02
1863,35,passive_user,2025-01-10
1864,23,intentional_saver,2024-06-27
1865,39,gig_worker,2024-07-24
1866,43,salary_earner,2024-11-02
1867,47,gig_worker,2024-08-31
1868,42,salary_earner,2025-11-15
1869,48,student,2024-05-21
1870,28,intentional_saver,2025-06-20
1871,21,salary_earner,2024-04-30
1872,28,passive_user,2024-08-11
1873,55,salary_earner,2025-06-12
1874,54,gig_worker,2025-04-16
1875,29,student,2025-03-03
1876,40,student,2024-12-17
1877,26,student,2025-07-24
1878,49,gig_worker,2025-12-05
1879,44,salary_earner,2025-07-20
1880,22,gig_worker,2025-12-05
1881,38,salary_earner,2024-10-24
1882,51,salary_earner,2026-02-15
1883,54,intentional_saver,2024-06-21
1884,32,student,2025-07-22
1885,39,passive_user,2025-11-05
1886,24,gig_worker,2024-03-01
1887,33,gig_worker,2024-09-09
1888,42,gig_worker,2024-08-11
1889,53,salary_earner,2024-06-12
1890,21,intentional_saver,2025-02-22
1891,28,salary_earner,2025-03-16
1892,48,gig_worker,2024-06-01
1893,28,intentional_saver,2025-01-21
1894,49,salary_earner,2024-10-24
1895,39,salary_earner,2025-02-16
1896,21,passive_user,2025-08-01
1897,53,gig_worker,2024-10-09
1898,43,student,2025-11-23
1899,23,intentional_saver,2024-04-07
1900,54,gig_worker,2024-04-03
1901,49,gig_worker,2024-08-20
1902,25,gig_worker,2024-03-02
1903,19,passive_user,2025-04-13
1904,44,salary_earner,2026-01-31
1905,53,salary_earner,2025-04-29
1906,23,salary_earner,2025-11-07
1907,37,intentional_saver,2024-12-12
1908,53,intentional_saver,2025-12-01
1909,47,salary_earner,2026-01-10
1910,41,passive_user,2024-11-07
1911,32,intentional_saver,2024-10-12
1912,39,intentional_saver,2025-01-04
1913,48,gig_worker,2025-08-09
1914,41,student,2025-10-11
1915,25,student,2025-09-18
1916,32,salary_earner,2025-02-16
1917,40,salary_earner,2024-11-20
1918,36,intentional_saver,2025-06-16
1919,41,gig_worker,2024-05-07
1920,20,student,2024-07-06
1921,49,intentional_saver,2024-12-25
1922,44,salary_earner,2024-09-08
1923,30,salary_earner,2025-05-20
1924,43,salary_earner,2025-07-19
1925,30,salary_earner,2025-06-23
1926,24,student,2025-06-13
1927,20,intentional_saver,2025-03-02
1928,55,passive_user,2024-10-04
1929,46,salary_earner,2025-12-01
1930,55,gig_worker,2025-10-12
1931,26,passive_user,2025-07-07
1932,18,passive_user,2024-08-24
1933,21,gig_worker,2025-01-19
1934,45,gig_worker,2024-03-05
1935,48,intentional_saver,2025-09-27
1936,29,passive_user,2025-12-01
1937,29,student,2025-11-17
1938,26,student,2025-06-18
1939,38,salary_earner,2024-07-25
1940,42,gig_worker,2024-04-09
1941,33,gig_worker,2025-11-18
1942,39,salary_earner,2025-08-31
1943,46,passive_user,2024-04-26
1944,26,intentional_saver,2025-12-25
1945,50,gig_worker,2025-10-11
1946,53,salary_earner,2024-03-18
1947,53,intentional_saver,2025-03-25
1948,30,student,2025-12-24
1949,36,salary_earner,2025-06-26
1950,26,student,2025-08-07
1951,29,passive_user,2024-08-24
1952,38,gig_worker,2024-10-30
1953,40,student,2025-01-26
1954,55,gig_worker,2024-07-22
1955,44,gig_worker,2025-08-06
1956,52,student,2024-05-28
1957,45,salary_earner,2024-04-25
1958,51,intentional_saver,2026-02-26
1959,42,salary_earner,2025-08-01
1960,21,salary_earner,2024-04-29
1961,28,salary_earner,2025-02-01
1962,34,passive_user,2024-05-26
1963,21,salary_earner,2025-05-18
1964,36,student,2024-05-26
1965,52,salary_earner,2025-08-29
1966,46,salary_earner,2024-09-13
1967,53,salary_earner,2025-01-22
1968,53,intentional_saver,2025-09-04
1969,50,gig_worker,2024-03-06
1970,36,intentional_saver,2025-04-22
1971,21,student,2025-05-06
1972,42,passive_user,2024-12-15
1973,38,gig_worker,2024-04-02
1974,21,passive_user,2025-02-06
1975,34,salary_earner,2025-05-28
1976,46,salary_earner,2025-07-14
1977,41,intentional_saver,2024-03-02
1978,52,intentional_saver,2024-04-17
1979,30,student,2024-09-15
1980,30,intentional_saver,2025-04-20
1981,29,salary_earner,2025-08-29
1982,22,passive_user,2024-12-26
1983,29,salary_earner,2025-10-06
1984,25,student,2025-04-30
1985,45,gig_worker,2024-12-30
1986,34,salary_earner,2025-06-22
1987,55,salary_earner,2025-12-13
1988,18,intentional_saver,2025-08-25
1989,27,salary_earner,2024-07-12
1990,38,salary_earner,2024-06-12
1991,37,gig_worker,2026-01-22
1992,54,gig_worker,2026-02-17
1993,22,gig_worker,2024-04-20
1994,38,intentional_saver,2024-08-04
1995,29,gig_worker,2024-05-18
1996,50,gig_worker,2025-01-21
1997,52,salary_earner,2024-08-07
1998,23,gig_worker,2024-10-29
1999,31,salary_earner,2024-10-22
2000,39,student,2024-09-07
2001,31,gig_worker,2025-02-24
2002,51,passive_user,2024-09-08
2003,53,gig_worker,2024-06-15
2004,18,intentional_saver,2024-12-26
2005,40,salary_earner,2025-03-20
2006,33,gig_worker,2026-01-20
2007,38,passive_user,2024-09-22
2008,25,gig_worker,2024-12-11
2009,52,gig_worker,2024-10-31
2010,19,student,2024-10-29
2011,41,passive_user,2024-07-28
2012,50,gig_worker,2025-09-26
2013,20,gig_worker,2025-10-05
2014,30,salary_earner,2024-03-06
2015,23,salary_earner,2024-05-07
2016,28,passive_user,2025-03-17
2017,52,passive_user,2025-05-28
2018,22,gig_worker,2024-12-19
2019,31,salary_earner,2024-11-29
2020,45,intentional_saver,2024-05-08
2021,31,intentional_saver,2025-02-08
2022,45,gig_worker,2025-04-29
2023,22,student,2024-10-13
2024,27,student,2024-04-27
2025,39,salary_earner,2024-08-03
2026,22,salary_earner,2025-02-11
2027,34,salary_earner,2025-06-08
2028,54,gig_worker,2024-09-19
2029,34,intentional_saver,2024-12-17
2030,46,gig_worker,2026-01-22
2031,45,student,2025-03-17
2032,42,salary_earner,2025-05-24
2033,52,student,2024-05-23
2034,22,salary_earner,2025-06-10
2035,55,intentional_saver,2025-02-23
2036,22,salary_earner,2024-03-17
2037,50,gig_worker,2025-10-26
2038,37,salary_earner,2025-11-29
2039,36,student,2024-12-12
2040,46,intentional_saver,2024-08-03
2041,19,gig_worker,2025-06-23
2042,52,gig_worker,2024-12-18
2043,43,salary_earner,2025-08-01
2044,52,intentional_saver,2024-06-29
2045,27,salary_earner,2025-11-24
2046,41,salary_earner,2026-02-07
2047,18,passive_user,2025-04-04
2048,53,gig_worker,2025-10-02
2049,20,salary_earner,2024-08-07
2050,43,salary_earner,2025-01-31
2051,23,gig_worker,2026-02-02
2052,40,salary_earner,2025-11-07
2053,50,salary_earner,2025-08-20
2054,29,salary_earner,2025-12-27
2055,34,salary_earner,2025-07-16
2056,29,salary_earner,2024-09-03
2057,54,student,2024-05-25
2058,53,intentional_saver,2025-10-06
2059,53,gig_worker,2024-07-26
2060,22,salary_earner,2025-01-05
2061,30,salary_earner,2024-04-08
2062,49,student,2024-05-03
2063,40,passive_user,2025-11-11
2064,33,salary_earner,2024-07-21
2065,22,salary_earner,2025-02-20
2066,38,passive_user,2025-06-30
2067,39,gig_worker,2025-06-11
2068,37,student,2025-04-22
2069,27,student,2024-04-27
2070,41,gig_worker,2025-02-17
2071,45,intentional_saver,2024-10-24
2072,38,salary_earner,2025-01-22
2073,32,salary_earner,2026-02-11
2074,45,student,2024-09-16
2075,41,salary_earner,2026-01-12
2076,39,salary_earner,2026-01-25
2077,47,intentional_saver,2025-06-09
2078,37,gig_worker,2025-07-13
2079,24,gig_worker,2025-04-24
2080,23,salary_earner,2025-11-22
2081,26,intentional_saver,2024-11-25
2082,30,intentional_saver,2024-04-20
2083,22,salary_earner,2025-02-10
2084,19,student,2025-09-14
2085,19,intentional_saver,2025-04-17
2086,55,intentional_saver,2024-07-13
2087,55,gig_worker,2024-12-10
2088,20,salary_earner,2025-02-11
2089,52,gig_worker,2024-08-10
2090,52,intentional_saver,2024-05-29
2091,27,gig_worker,2025-04-20
2092,32,gig_worker,2025-01-31
2093,55,intentional_saver,2025-09-15
2094,36,student,2025-09-24
2095,50,salary_earner,2024-08-31
2096,43,gig_worker,2025-02-26
2097,18,gig_worker,2026-01-30
2098,28,student,2024-05-10
2099,26,intentional_saver,2024-06-16
2100,29,gig_worker,2025-08-07
2101,54,gig_worker,2026-02-20
2102,27,student,2025-12-27
2103,48,student,2025-06-21
2104,20,passive_user,2024-03-27
2105,49,salary_earner,2024-06-18
2106,34,salary_earner,2024-05-14
2107,20,gig_worker,2024-08-06
2108,51,student,2025-01-15
2109,41,passive_user,2024-08-28
2110,47,gig_worker,2024-08-31
2111,20,intentional_saver,2026-01-24
2112,38,passive_user,2024-05-15
2113,51,salary_earner,2025-04-30
2114,35,student,2024-09-29
2115,34,intentional_saver,2024-11-29
2116,54,gig_worker,2025-12-27
2117,42,salary_earner,2024-11-19
2118,22,gig_worker,2026-02-08
2119,42,gig_worker,2026-02-21
2120,32,passive_user,2025-02-04
2121,40,gig_worker,2025-05-31
2122,40,intentional_saver,2025-12-22
2123,48,gig_worker,2024-11-10
2124,18,intentional_saver,2024-04-17
2125,26,gig_worker,2024-07-11
2126,32,gig_worker,2025-11-14
2127,35,salary_earner,2024-08-03
2128,29,salary_earner,2025-07-04
2129,25,salary_earner,2026-01-28
2130,44,student,2025-11-24
2131,25,intentional_saver,2024-11-04
2132,48,gig_worker,2025-10-21
2133,55,gig_worker,2024-08-05
2134,44,salary_earner,2025-11-14
2135,20,salary_earner,2024-03-09
2136,55,salary_earner,2025-05-07
2137,50,salary_earner,2025-07-03
2138,54,salary_earner,2026-01-11
2139,28,salary_earner,2025-01-24
2140,29,salary_earner,2025-01-25
2141,43,gig_worker,2024-09-18
2142,54,gig_worker,2025-07-05
2143,36,student,2025-12-13
2144,31,passive_user,2024-11-18
2145,48,gig_worker,2025-05-25
2146,28,intentional_saver,2026-01-21
2147,44,salary_earner,2025-04-27
2148,55,student,2024-08-27
2149,29,intentional_saver,2025-04-07
2150,50,student,2026-02-03
2151,39,salary_earner,2025-06-03
2152,55,passive_user,2025-01-31
2153,42,salary_earner,2024-04-09
2154,24,gig_worker,2024-08-11
2155,51,salary_earner,2024-10-28
2156,50,intentional_saver,2025-03-18
2157,27,student,2025-06-03
2158,29,student,2025-06-26
2159,20,gig_worker,2024-12-16
2160,52,intentional_saver,2025-10-30
2161,25,gig_worker,2025-02-10
2162,26,salary_earner,2025-10-19
2163,52,passive_user,2025-06-19
2164,45,intentional_saver,2025-02-05
2165,41,gig_worker,2025-10-21
2166,51,intentional_saver,2024-08-05
2167,48,gig_worker,2024-04-01
2168,42,intentional_saver,2024-11-21
2169,54,gig_worker,2024-04-10
2170,26,salary_earner,2025-11-18
2171,32,salary_earner,2024-11-15
2172,23,passive_user,2024-10-21
2173,52,salary_earner,2025-09-30
2174,30,gig_worker,2025-08-07
2175,18,salary_earner,2026-01-07
2176,25,gig_worker,2025-08-31
2177,42,gig_worker,2026-01-20
2178,38,student,2026-02-27
2179,24,gig_worker,2025-10-17
2180,55,salary_earner,2025-03-17
2181,52,salary_earner,2024-09-28
2182,41,gig_worker,2025-06-30
2183,43,student,2024-12-04
2184,44,intentional_saver,2024-06-04
2185,53,gig_worker,2025-11-03
2186,41,gig_worker,2025-04-14
2187,48,gig_worker,2024-03-30
2188,37,salary_earner,2026-01-17
2189,43,gig_worker,2024-12-03
2190,25,student,2024-03-20
2191,46,student,2025-09-11
2192,28,intentional_saver,2025-08-14
2193,50,salary_earner,2026-01-01
2194,39,gig_worker,2024-07-29
2195,21,intentional_saver,2026-02-24
2196,18,salary_earner,2024-07-26
2197,27,intentional_saver,2026-02-19
2198,45,gig_worker,2024-08-11
2199,34,salary_earner,2025-08-05
2200,23,salary_earner,2025-12-23
2201,42,student,2026-02-22
2202,43,passive_user,2024-04-15
2203,51,student,2024-12-10
2204,21,salary_earner,2025-02-21
2205,29,passive_user,2024-08-09
2206,46,student,2024-06-05
2207,51,salary_earner,2024-03-22
2208,20,salary_earner,2024-11-04
2209,50,intentional_saver,2025-04-25
2210,32,gig_worker,2025-08-19
2211,20,student,2024-10-07
2212,18,gig_worker,2025-05-21
2213,23,passive_user,2025-09-23
2214,43,passive_user,2025-12-11
2215,43,gig_worker,2024-12-04
2216,30,gig_worker,2024-06-16
2217,22,gig_worker,2025-12-08
2218,53,passive_user,2025-03-26
2219,53,salary_earner,2024-09-25
2220,40,passive_user,2025-03-27
2221,35,salary_earner,2025-03-27
2222,30,salary_earner,2025-04-14
2223,43,gig_worker,2024-09-17
2224,34,gig_worker,2024-03-26
2225,50,salary_earner,2025-10-09
2226,22,salary_earner,2025-05-10
2227,39,gig_worker,2025-09-18
2228,50,passive_user,2024-05-18
2229,52,passive_user,2025-02-04
2230,54,intentional_saver,2024-05-18
2231,46,salary_earner,2025-05-12
2232,54,passive_user,2025-11-16
2233,33,gig_worker,2025-06-03
2234,47,intentional_saver,2024-06-27
2235,55,student,2024-10-08
2236,48,intentional_saver,2025-03-12
2237,22,salary_earner,2025-05-23
2238,32,gig_worker,2026-01-05
2239,32,student,2024-11-08
2240,44,intentional_saver,2024-07-01
2241,51,passive_user,2025-08-23
2242,34,gig_worker,2024-12-06
2243,23,salary_earner,2024-11-20
2244,39,gig_worker,2025-12-06
2245,29,salary_earner,2024-06-21
2246,40,gig_worker,2025-05-13
2247,54,salary_earner,2025-08-18
2248,30,salary_earner,2024-12-03
2249,30,gig_worker,2024-09-06
2250,33,salary_earner,2024-03-11
2251,31,intentional_saver,2024-08-19
2252,33,salary_earner,2024-09-17
2253,40,intentional_saver,2025-12-24
2254,24,salary_earner,2024-11-10
2255,23,salary_earner,2024-09-21
2256,49,student,2025-05-14
2257,52,student,2024-12-14
2258,48,passive_user,2024-06-04
2259,38,gig_worker,2024-12-13
2260,54,gig_worker,2025-02-10
2261,49,intentional_saver,2025-07-07
2262,50,salary_earner,2025-09-10
2263,32,salary_earner,2024-09-06
2264,26,intentional_saver,2024-03-06
2265,45,salary_earner,2025-02-12
2266,52,gig_worker,2024-10-24
2267,40,salary_earner,2024-11-26
2268,29,gig_worker,2025-09-28
2269,25,gig_worker,2024-04-20
2270,47,student,2024-10-22
2271,18,salary_earner,2025-05-19
2272,31,salary_earner,2026-02-13
2273,24,gig_worker,2024-08-14
2274,34,salary_earner,2024-03-09
2275,34,salary_earner,2025-12-15
2276,48,salary_earner,2025-09-11
2277,39,passive_user,2024-10-05
2278,49,gig_worker,2024-10-18
2279,44,gig_worker,2025-12-08
2280,41,student,2024-10-25
2281,43,gig_worker,2025-06-02
2282,29,salary_earner,2025-05-05
2283,54,gig_worker,2025-05-31
2284,24,student,2026-02-22
2285,33,student,2024-05-24
2286,42,gig_worker,2024-09-24
2287,27,salary_earner,2025-10-16
2288,18,gig_worker,2026-01-01
2289,49,salary_earner,2026-01-23
2290,51,salary_earner,2025-09-29
2291,38,gig_worker,2025-01-10
2292,37,intentional_saver,2025-03-06
2293,54,salary_earner,2025-12-01
2294,24,salary_earner,2024-10-08
2295,21,student,2025-10-13
2296,34,salary_earner,2025-02-21
2297,24,gig_worker,2026-01-08
2298,39,gig_worker,2026-02-10
2299,41,salary_earner,2025-02-06
2300,34,gig_worker,2025-11-08
2301,44,salary_earner,2025-03-18
2302,30,salary_earner,2025-04-01
2303,52,gig_worker,2025-11-05
2304,36,salary_earner,2025-12-15
2305,50,gig_worker,2025-12-04
2306,46,gig_worker,2025-03-27
2307,42,intentional_saver,2026-01-04
2308,47,student,2025-09-04
2309,27,student,2025-12-04
2310,39,intentional_saver,2025-08-12
2311,54,gig_worker,2025-03-05
2312,22,gig_worker,2025-11-18
2313,39,salary_earner,2024-03-05
2314,38,salary_earner,2024-12-27
2315,35,student,2025-08-10
2316,43,student,2024-03-23
2317,46,salary_earner,2024-12-03
2318,41,intentional_saver,2025-10-01
2319,51,student,2026-01-04
2320,44,passive_user,2025-04-26
2321,19,salary_earner,2025-12-14
2322,33,salary_earner,2025-07-12
2323,23,student,2024-12-18
2324,43,salary_earner,2024-11-29
2325,22,salary_earner,2025-05-20
2326,48,passive_user,2025-12-05
2327,19,gig_worker,2024-11-25
2328,51,intentional_saver,2025-12-08
2329,23,intentional_saver,2025-05-13
2330,27,salary_earner,2025-02-28
2331,42,salary_earner,2024-07-06
2332,33,salary_earner,2025-08-13
2333,46,student,2025-12-13
2334,26,student,2025-01-23
2335,28,gig_worker,2024-03-11
2336,40,salary_earner,2025-04-26
2337,38,intentional_saver,2025-03-17
2338,47,intentional_saver,2025-10-10
2339,52,passive_user,2025-01-29
2340,53,passive_user,2025-03-29
2341,52,gig_worker,2025-06-20
2342,47,salary_earner,2025-08-14
2343,54,student,2024-09-08
2344,52,gig_worker,2024-03-31
2345,40,salary_earner,2024-10-30
2346,32,gig_worker,2025-08-27
2347,46,intentional_saver,2025-08-02
2348,44,salary_earner,2025-10-21
2349,37,salary_earner,2024-08-03
2350,51,salary_earner,2025-11-08
2351,26,intentional_saver,2025-06-28
2352,48,salary_earner,2026-01-17
2353,49,gig_worker,2026-02-08
2354,48,passive_user,2025-08-25
2355,45,salary_earner,2024-10-28
2356,32,intentional_saver,2025-11-10
2357,53,intentional_saver,2025-06-25
2358,44,gig_worker,2026-02-28
2359,45,intentional_saver,2025-08-23
2360,28,gig_worker,2024-11-10
2361,42,student,2025-06-01
2362,32,intentional_saver,2024-05-06
2363,45,salary_earner,2024-06-13
2364,51,student,2026-01-24
2365,35,intentional_saver,2025-12-18
2366,52,salary_earner,2024-11-06
2367,44,intentional_saver,2024-11-09
2368,22,salary_earner,2024-03-01
2369,36,salary_earner,2024-04-09
2370,47,salary_earner,2025-12-16
2371,35,student,2026-02-14
2372,49,student,2024-07-13
2373,19,salary_earner,2025-05-17
2374,52,salary_earner,2024-03-24
2375,24,salary_earner,2024-08-26
2376,26,salary_earner,2024-11-29
2377,18,student,2025-12-13
2378,27,salary_earner,2024-03-26
2379,31,salary_earner,2025-12-07
2380,37,salary_earner,2024-07-21
2381,49,intentional_saver,2025-04-07
2382,47,passive_user,2025-08-31
2383,20,student,2024-11-17
2384,27,salary_earner,2025-09-12
2385,43,salary_earner,2024-06-29
2386,48,salary_earner,2025-03-27
2387,34,salary_earner,2025-12-26
2388,18,intentional_saver,2025-01-22
2389,33,salary_earner,2024-12-11
2390,46,gig_worker,2025-01-17
2391,20,salary_earner,2025-03-25
2392,24,salary_earner,2025-04-29
2393,31,gig_worker,2025-09-20
2394,37,gig_worker,2025-01-06
2395,28,passive_user,2024-08-21
2396,20,student,2024-05-03
2397,53,student,2025-08-20
2398,34,gig_worker,2025-03-12
2399,37,gig_worker,2025-08-31
2400,21,salary_earner,2025-04-26
2401,31,intentional_saver,2025-02-11
2402,33,passive_user,2026-02-23
2403,38,student,2024-12-30
2404,35,salary_earner,2025-03-27
2405,43,gig_worker,2024-12-21
2406,18,intentional_saver,2024-07-12
2407,55,passive_user,2024-04-17
2408,48,intentional_saver,2025-12-17
2409,27,student,2024-11-30
2410,23,gig_worker,2025-04-13
2411,49,salary_earner,2026-02-14
2412,39,salary_earner,2025-12-01
2413,21,passive_user,2025-03-02
2414,27,salary_earner,2024-09-09
2415,24,student,2024-09-06
2416,32,salary_earner,2025-02-09
2417,53,salary_earner,2025-03-14
2418,40,intentional_saver,2025-10-15
2419,46,intentional_saver,2025-02-19
2420,19,student,2025-06-08
2421,40,student,2025-12-30
2422,34,student,2025-09-23
2423,49,intentional_saver,2024-09-16
2424,53,student,2025-04-17
2425,49,salary_earner,2024-04-26
2426,29,salary_earner,2025-03-22
2427,38,gig_worker,2024-07-15
2428,35,student,2025-05-28
2429,53,intentional_saver,2026-01-04
2430,51,salary_earner,2026-02-06
2431,36,salary_earner,2024-05-25
2432,52,intentional_saver,2025-01-03
2433,18,gig_worker,2025-03-10
2434,50,intentional_saver,2026-01-28
2435,29,gig_worker,2024-07-31
2436,41,intentional_saver,2024-08-19
2437,33,intentional_saver,2024-04-07
2438,22,salary_earner,2024-09-19
2439,52,student,2025-08-06
2440,30,intentional_saver,2025-02-20
2441,49,gig_worker,2026-01-22
2442,27,intentional_saver,2025-09-03
2443,38,student,2024-11-14
2444,38,gig_worker,2025-01-12
2445,51,salary_earner,2024-06-28
2446,20,student,2024-04-27
2447,26,intentional_saver,2025-02-02
2448,20,salary_earner,2025-03-17
2449,49,salary_earner,2026-01-14
2450,20,salary_earner,2025-09-24
2451,42,gig_worker,2024-04-05
2452,51,student,2025-12-13
2453,55,student,2024-10-11
2454,41,salary_earner,2025-11-09
2455,22,salary_earner,2024-04-26
2456,31,salary_earner,2024-07-30
2457,23,student,2025-03-07
2458,21,gig_worker,2024-12-29
2459,44,gig_worker,2025-07-31
2460,21,intentional_saver,2025-07-05
2461,35,intentional_saver,2025-07-13
2462,22,gig_worker,2024-06-30
2463,22,intentional_saver,2025-12-19
2464,51,passive_user,2025-09-25
2465,32,salary_earner,2024-07-12
2466,30,gig_worker,2025-09-02
2467,33,salary_earner,2024-06-18
2468,29,gig_worker,2024-07-14
2469,53,gig_worker,2026-01-15
2470,24,gig_worker,2024-04-21
2471,54,intentional_saver,2025-01-27
2472,47,gig_worker,2024-08-03
2473,45,student,2025-06-12
2474,28,intentional_saver,2024-04-11
2475,53,intentional_saver,2025-11-12
2476,39,gig_worker,2024-10-09
2477,52,student,2024-08-29
2478,46,passive_user,2025-09-20
2479,38,passive_user,2026-01-08
2480,38,gig_worker,2025-01-13
2481,44,intentional_saver,2026-01-29
2482,45,intentional_saver,2025-09-14
2483,38,intentional_saver,2025-06-02
2484,54,student,2025-06-16
2485,42,gig_worker,2024-06-04
2486,34,intentional_saver,2025-02-01
2487,46,gig_worker,2024-04-09
2488,43,gig_worker,2025-11-12
2489,20,salary_earner,2024-10-22
2490,19,passive_user,2025-09-21
2491,37,gig_worker,2025-10-07
2492,32,salary_earner,2024-11-15
2493,38,salary_earner,2025-07-31
2494,35,salary_earner,2024-03-21
2495,50,passive_user,2025-01-28
2496,54,gig_worker,2025-07-02
2497,20,salary_earner,2025-11-26
2498,27,gig_worker,2024-09-26
2499,41,salary_earner,2025-10-28
2500,33,intentional_saver,2025-12-23
2501,37,salary_earner,2025-07-29
2502,43,salary_earner,2026-02-12
2503,31,gig_worker,2024-03-17
2504,38,student,2025-02-17
2505,29,intentional_saver,2026-02-11
2506,54,gig_worker,2024-10-20
2507,24,intentional_saver,2025-03-07
2508,37,gig_worker,2024-03-26
2509,54,salary_earner,2025-06-08
2510,21,gig_worker,2026-01-30
2511,39,passive_user,2024-07-07
2512,45,salary_earner,2024-06-01
2513,25,gig_worker,2026-02-13
2514,32,intentional_saver,2024-04-09
2515,18,student,2025-05-17
2516,42,student,2025-11-06
2517,51,salary_earner,2024-03-04
2518,52,salary_earner,2024-06-06
2519,38,gig_worker,2025-01-31
2520,32,gig_worker,2024-06-28
2521,43,salary_earner,2024-04-22
2522,54,passive_user,2026-01-26
2523,32,gig_worker,2024-04-26
2524,43,gig_worker,2025-03-04
2525,39,salary_earner,2025-09-29
2526,54,salary_earner,2024-07-03
2527,53,student,2025-08-28
2528,23,gig_worker,2024-07-22
2529,45,gig_worker,2025-11-08
2530,26,intentional_saver,2024-03-21
2531,48,intentional_saver,2025-04-10
2532,49,gig_worker,2025-07-16
2533,54,gig_worker,2025-05-30
2534,51,salary_earner,2026-01-24
2535,22,salary_earner,2024-06-10
2536,45,salary_earner,2024-06-10
2537,54,salary_earner,2024-05-30
2538,44,salary_earner,2024-06-26
2539,40,gig_worker,2024-12-08
2540,40,salary_earner,2025-05-05
2541,19,gig_worker,2025-04-11
2542,28,intentional_saver,2024-11-02
2543,46,passive_user,2024-06-03
2544,46,student,2025-09-03
2545,32,salary_earner,2024-06-29
2546,41,salary_earner,2026-01-25
2547,23,salary_earner,2026-02-16
2548,21,salary_earner,2024-09-08
2549,27,salary_earner,2025-10-19
2550,36,intentional_saver,2025-09-04
2551,25,salary_earner,2025-06-26
2552,48,salary_earner,2024-11-28
2553,31,salary_earner,2024-12-13
2554,31,student,2024-09-07
2555,51,salary_earner,2024-06-23
2556,53,intentional_saver,2024-12-22
2557,27,gig_worker,2024-11-27
2558,19,student,2025-01-08
2559,51,gig_worker,2024-05-16
2560,28,salary_earner,2025-08-25
2561,30,salary_earner,2025-01-31
2562,35,intentional_saver,2025-01-20
2563,18,salary_earner,2024-04-24
2564,35,salary_earner,2025-02-25
2565,41,student,2025-04-01
2566,19,intentional_saver,2024-10-29
2567,42,salary_earner,2025-10-22
2568,42,salary_earner,2025-11-25
2569,24,gig_worker,2026-02-10
2570,49,passive_user,2024-08-13
2571,52,intentional_saver,2024-05-03
2572,30,salary_earner,2024-05-17
2573,47,gig_worker,2025-01-02
2574,19,gig_worker,2024-11-07
2575,51,salary_earner,2024-11-11
2576,49,salary_earner,2024-08-10
2577,28,gig_worker,2024-03-17
2578,40,salary_earner,2024-05-25
2579,37,gig_worker,2025-08-02
2580,50,salary_earner,2024-04-09
2581,21,salary_earner,2024-10-23
2582,42,student,2025-10-29
2583,19,intentional_saver,2025-09-17
2584,35,passive_user,2025-07-25
2585,39,salary_earner,2025-01-26
2586,26,intentional_saver,2024-05-16
2587,42,salary_earner,2024-07-23
2588,32,gig_worker,2024-05-27
2589,54,gig_worker,2025-07-10
2590,37,salary_earner,2025-08-21
2591,39,passive_user,2024-04-22
2592,26,gig_worker,2025-07-15
2593,26,salary_earner,2025-02-08
2594,30,gig_worker,2025-05-07
2595,37,intentional_saver,2025-03-10
2596,51,student,2025-09-14
2597,45,passive_user,2024-05-04
2598,27,passive_user,2025-02-22
2599,54,student,2024-09-18
2600,38,passive_user,2026-01-27
2601,52,salary_earner,2025-05-08
2602,25,passive_user,2024-03-06
2603,27,salary_earner,2025-07-08
2604,38,student,2025-08-07
2605,44,intentional_saver,2024-05-30
2606,37,passive_user,2024-07-09
2607,35,gig_worker,2024-06-24
2608,30,salary_earner,2024-05-16
2609,29,salary_earner,2025-09-25
2610,35,salary_earner,2024-08-27
2611,32,student,2025-10-06
2612,32,gig_worker,2024-08-08
2613,40,student,2025-03-28
2614,48,salary_earner,2024-10-31
2615,48,salary_earner,2024-03-24
2616,41,student,2024-11-13
2617,42,salary_earner,2025-11-22
2618,26,gig_worker,2024-06-16
2619,32,salary_earner,2024-06-29
2620,18,salary_earner,2025-03-25
2621,44,passive_user,2025-07-17
2622,30,salary_earner,2025-08-20
2623,22,intentional_saver,2024-04-25
2624,46,salary_earner,2024-09-13
2625,49,intentional_saver,2025-01-30
2626,47,student,2024-07-04
2627,45,intentional_saver,2024-05-25
2628,20,gig_worker,2024-07-30
2629,42,student,2025-08-02
2630,43,student,2024-07-20
2631,54,student,2024-06-19
2632,51,gig_worker,2024-03-09
2633,20,student,2024-09-09
2634,46,gig_worker,2024-09-11
2635,20,gig_worker,2025-02-10
2636,33,intentional_saver,2024-04-15
2637,43,gig_worker,2025-01-02
2638,20,passive_user,2025-11-05
2639,51,gig_worker,2024-05-29
2640,21,intentional_saver,2025-06-22
2641,46,salary_earner,2025-02-19
2642,37,gig_worker,2026-02-17
2643,36,intentional_saver,2024-05-10
2644,45,gig_worker,2025-06-25
2645,21,salary_earner,2025-09-16
2646,27,student,2025-05-06
2647,46,gig_worker,2025-11-01
2648,50,salary_earner,2025-11-02
2649,55,salary_earner,2024-12-13
2650,52,passive_user,2024-11-28
2651,44,salary_earner,2024-08-22
2652,19,salary_earner,2025-12-17
2653,55,salary_earner,2025-01-30
2654,30,intentional_saver,2025-10-21
2655,23,intentional_saver,2024-07-07
2656,28,salary_earner,2025-05-26
2657,25,student,2025-02-24
2658,46,salary_earner,2025-10-08
2659,23,student,2025-11-08
2660,42,gig_worker,2025-05-01
2661,50,student,2025-02-05
2662,28,student,2024-08-17
2663,42,gig_worker,2024-06-21
2664,28,salary_earner,2025-10-11
2665,54,passive_user,2025-04-13
2666,27,intentional_saver,2024-12-11
2667,27,salary_earner,2024-05-17
2668,21,salary_earner,2024-03-24
2669,37,gig_worker,2026-01-18
2670,46,student,2024-04-23
2671,29,salary_earner,2025-03-23
2672,26,salary_earner,2025-03-05
2673,18,passive_user,2024-05-26
2674,34,student,2025-05-14
2675,49,salary_earner,2025-01-31
2676,52,intentional_saver,2026-01-26
2677,49,intentional_saver,2024-03-22
2678,55,salary_earner,2024-11-27
2679,47,student,2024-04-02
2680,23,gig_worker,2025-10-14
2681,18,student,2024-11-08
2682,53,salary_earner,2024-05-18
2683,53,salary_earner,2025-02-03
2684,31,intentional_saver,2025-04-10
2685,27,salary_earner,2024-12-28
2686,40,salary_earner,2024-03-05
2687,20,salary_earner,2025-11-08
2688,37,student,2025-08-11
2689,23,salary_earner,2024-08-13
2690,44,salary_earner,2025-04-19
2691,28,passive_user,2025-11-06
2692,54,student,2024-08-14
2693,29,intentional_saver,2024-04-16
2694,55,passive_user,2024-07-18
2695,20,gig_worker,2025-02-14
2696,37,salary_earner,2024-04-25
2697,42,salary_earner,2025-06-13
2698,45,intentional_saver,2024-08-02
2699,22,intentional_saver,2025-06-13
2700,26,salary_earner,2024-05-21
2701,35,salary_earner,2024-04-21
2702,44,salary_earner,2025-08-06
2703,31,gig_worker,2025-04-22
2704,24,student,2024-07-02
2705,51,gig_worker,2025-09-24
2706,48,passive_user,2025-08-21
2707,36,student,2025-02-17
2708,38,gig_worker,2025-05-30
2709,54,salary_earner,2025-03-29
2710,40,passive_user,2024-10-17
2711,54,passive_user,2024-03-20
2712,49,gig_worker,2024-11-01
2713,29,gig_worker,2024-04-22
2714,32,intentional_saver,2025-09-01
2715,30,student,2025-11-13
2716,19,salary_earner,2025-11-21
2717,25,gig_worker,2024-06-09
2718,31,student,2025-05-04
2719,44,intentional_saver,2026-02-11
2720,39,gig_worker,2025-06-25
2721,31,salary_earner,2025-12-25
2722,30,salary_earner,2024-05-23
2723,34,student,2024-10-24
2724,37,intentional_saver,2025-12-29
2725,53,salary_earner,2025-03-04
2726,18,salary_earner,2025-05-03
2727,39,salary_earner,2024-05-03
2728,54,salary_earner,2024-12-22
2729,19,student,2025-11-18
2730,30,intentional_saver,2025-11-10
2731,39,salary_earner,2025-11-05
2732,48,passive_user,2024-10-21
2733,20,passive_user,2025-08-28
2734,48,student,2025-06-28
2735,47,salary_earner,2024-06-21
2736,52,intentional_saver,2025-08-26
2737,47,intentional_saver,2025-02-14
2738,44,intentional_saver,2025-05-17
2739,21,passive_user,2026-02-13
2740,37,intentional_saver,2026-02-01
2741,38,gig_worker,2024-07-10
2742,19,gig_worker,2024-07-23
2743,39,salary_earner,2025-02-04
2744,40,intentional_saver,2025-01-17
2745,27,salary_earner,2025-09-24
2746,19,salary_earner,2024-09-10
2747,42,salary_earner,2025-09-12
2748,28,student,2024-03-31
2749,42,gig_worker,2024-05-19
2750,25,salary_earner,2024-04-13
2751,37,intentional_saver,2024-07-22
2752,38,student,2025-01-24
2753,35,student,2025-07-01
2754,49,gig_worker,2026-01-20
2755,41,intentional_saver,2025-07-21
2756,37,gig_worker,2025-12-05
2757,37,salary_earner,2025-11-05
2758,41,salary_earner,2025-08-27
2759,30,intentional_saver,2026-02-18
2760,46,passive_user,2025-12-01
2761,48,gig_worker,2025-06-17
2762,27,passive_user,2024-08-27
2763,48,salary_earner,2025-01-05
2764,51,student,2024-04-13
2765,38,salary_earner,2024-12-28
2766,24,salary_earner,2024-12-23
2767,51,intentional_saver,2024-07-06
2768,26,student,2024-05-27
2769,20,salary_earner,2026-01-24
2770,51,gig_worker,2025-12-22
2771,37,salary_earner,2025-11-18
2772,23,passive_user,2026-01-14
2773,20,salary_earner,2025-05-22
2774,37,salary_earner,2025-01-01
2775,37,salary_earner,2024-07-20
2776,31,student,2025-10-29
2777,30,salary_earner,2024-07-15
2778,52,salary_earner,2024-12-23
2779,46,salary_earner,2024-07-18
2780,35,student,2025-02-14
2781,35,salary_earner,2024-08-14
2782,53,salary_earner,2025-06-14
2783,31,gig_worker,2024-04-25
2784,53,gig_worker,2025-06-12
2785,27,salary_earner,2026-02-13
2786,36,passive_user,2026-02-19
2787,28,gig_worker,2024-08-04
2788,39,salary_earner,2025-04-18
2789,21,gig_worker,2025-11-29
2790,48,salary_earner,2025-10-24
2791,21,passive_user,2026-01-15
2792,21,salary_earner,2026-02-11
2793,43,salary_earner,2025-11-08
2794,55,salary_earner,2024-05-25
2795,46,student,2024-12-02
2796,37,student,2024-04-02
2797,30,salary_earner,2024-04-25
2798,52,student,2024-08-18
2799,47,salary_earner,2025-05-07
2800,23,gig_worker,2024-09-19
2801,47,intentional_saver,2024-06-28
2802,37,salary_earner,2026-01-06
2803,47,student,2026-01-14
2804,32,gig_worker,2024-11-15
2805,34,salary_earner,2024-06-20
2806,43,passive_user,2025-08-05
2807,39,salary_earner,2025-12-09
2808,38,intentional_saver,2024-10-03
2809,19,gig_worker,2025-04-27
2810,25,salary_earner,2025-11-22
2811,47,gig_worker,2024-10-18
2812,36,intentional_saver,2026-02-03
2813,54,intentional_saver,2024-07-18
2814,24,salary_earner,2025-08-15
2815,24,gig_worker,2025-12-27
2816,22,salary_earner,2025-04-21
2817,52,intentional_saver,2025-08-18
2818,55,gig_worker,2024-09-25
2819,33,gig_worker,2024-09-22
2820,48,gig_worker,2024-08-05
2821,39,gig_worker,2025-09-04
2822,55,salary_earner,2025-02-04
2823,45,gig_worker,2025-09-08
2824,39,gig_worker,2024-05-04
2825,33,gig_worker,2025-11-23
2826,22,salary_earner,2025-01-16
2827,54,student,2024-12-20
2828,25,intentional_saver,2024-04-19
2829,47,gig_worker,2025-05-15
2830,24,salary_earner,2024-05-11
2831,29,intentional_saver,2025-09-21
2832,43,salary_earner,2026-01-01
2833,24,salary_earner,2025-01-01
2834,42,student,2024-10-10
2835,21,salary_earner,2024-06-03
2836,26,salary_earner,2024-03-21
2837,18,intentional_saver,2024-06-17
2838,27,intentional_saver,2024-05-05
2839,36,gig_worker,2025-09-01
2840,54,gig_worker,2025-08-10
2841,31,gig_worker,2024-07-30
2842,38,student,2025-10-14
2843,37,salary_earner,2026-01-07
2844,45,passive_user,2024-09-03
2845,40,student,2024-08-08
2846,55,passive_user,2025-01-03
2847,50,salary_earner,2025-11-08
2848,26,gig_worker,2024-05-31
2849,21,intentional_saver,2024-06-05
2850,53,gig_worker,2024-12-02
2851,18,passive_user,2024-08-12
2852,40,student,2024-05-26
2853,36,salary_earner,2026-01-01
2854,33,intentional_saver,2025-02-10
2855,55,gig_worker,2024-11-13
2856,38,gig_worker,2025-01-24
2857,43,student,2024-04-22
2858,52,gig_worker,2024-04-04
2859,29,salary_earner,2025-03-26
2860,30,gig_worker,2025-06-16
2861,41,gig_worker,2024-04-01
2862,27,intentional_saver,2024-10-26
2863,26,salary_earner,2025-05-01
2864,22,salary_earner,2026-02-09
2865,27,student,2024-11-11
2866,49,student,2025-11-17
2867,26,student,2024-08-28
2868,44,salary_earner,2025-10-06
2869,45,intentional_saver,2025-01-09
2870,47,student,2026-01-30
2871,53,gig_worker,2025-03-29
2872,42,intentional_saver,2024-06-19
2873,29,gig_worker,2025-05-26
2874,18,gig_worker,2025-05-12
2875,33,gig_worker,2024-10-18
2876,35,student,2026-02-04
2877,52,gig_worker,2025-04-13
2878,20,gig_worker,2025-12-28
2879,54,passive_user,2024-07-22
2880,41,gig_worker,2024-05-19
2881,48,salary_earner,2024-06-12
2882,23,passive_user,2024-04-11
2883,51,salary_earner,2025-08-24
2884,35,passive_user,2025-01-31
2885,23,gig_worker,2025-06-09
2886,23,gig_worker,2025-02-27
2887,22,salary_earner,2025-11-15
2888,52,student,2024-06-12
2889,37,intentional_saver,2024-11-03
2890,39,student,2024-09-02
2891,18,gig_worker,2025-12-12
2892,50,gig_worker,2025-09-24
2893,54,passive_user,2024-07-05
2894,44,student,2025-10-04
2895,36,gig_worker,2024-12-25
2896,20,salary_earner,2025-07-24
2897,37,student,2025-05-23
2898,54,student,2025-10-12
2899,48,salary_earner,2025-04-19
2900,54,gig_worker,2024-08-04
2901,36,salary_earner,2025-12-07
2902,19,intentional_saver,2025-06-17
2903,23,salary_earner,2024-10-22
2904,22,salary_earner,2025-05-21
2905,35,intentional_saver,2024-10-12
2906,35,salary_earner,2025-12-02
2907,34,salary_earner,2024-06-06
2908,25,salary_earner,2025-12-19
2909,55,student,2026-01-10
2910,46,student,2024-08-17
2911,29,gig_worker,2025-03-24
2912,33,salary_earner,2025-01-14
2913,51,gig_worker,2026-01-13
2914,39,intentional_saver,2024-10-01
2915,27,passive_user,2025-10-28
2916,27,gig_worker,2025-11-01
2917,44,intentional_saver,2025-09-28
2918,33,intentional_saver,2024-10-11
2919,28,student,2025-04-01
2920,40,salary_earner,2024-11-06
2921,34,salary_earner,2025-04-10
2922,25,intentional_saver,2024-10-04
2923,47,salary_earner,2024-06-28
2924,37,gig_worker,2024-09-26
2925,52,gig_worker,2026-02-26
2926,42,salary_earner,2024-05-27
2927,27,gig_worker,2025-05-05
2928,45,gig_worker,2025-10-05
2929,46,salary_earner,2025-10-05
2930,38,gig_worker,2025-09-08
2931,20,passive_user,2024-05-14
2932,52,salary_earner,2025-06-12
2933,45,student,2024-05-28
2934,35,student,2025-09-27
2935,35,salary_earner,2025-12-01
2936,34,intentional_saver,2024-04-06
2937,43,student,2026-02-22
2938,33,gig_worker,2025-06-30
2939,55,student,2024-12-01
2940,51,intentional_saver,2025-07-09
2941,29,salary_earner,2024-08-14
2942,18,salary_earner,2024-04-17
2943,22,student,2024-05-09
2944,24,salary_earner,2025-03-20
2945,46,gig_worker,2024-03-02
2946,36,gig_worker,2025-10-27
2947,20,salary_earner,2025-02-02
2948,23,salary_earner,2024-03-27
2949,31,salary_earner,2025-02-16
2950,25,passive_user,2025-01-31
2951,25,student,2024-07-22
2952,26,salary_earner,2025-01-26
2953,54,gig_worker,2025-12-06
2954,29,intentional_saver,2025-05-25
2955,29,intentional_saver,2026-02-16
2956,47,salary_earner,2024-12-23
2957,22,student,2024-12-07
2958,35,student,2025-08-09
2959,38,intentional_saver,2025-10-04
2960,22,salary_earner,2024-04-22
2961,21,salary_earner,2024-11-21
2962,39,gig_worker,2025-10-18
2963,34,passive_user,2024-09-25
2964,34,passive_user,2024-09-12
2965,22,salary_earner,2025-11-18
2966,30,gig_worker,2026-01-18
2967,29,student,2026-01-07
2968,24,student,2024-04-06
2969,45,salary_earner,2024-12-08
2970,24,salary_earner,2024-09-01
2971,34,passive_user,2024-07-18
2972,22,salary_earner,2025-08-05
2973,34,salary_earner,2024-09-18
2974,19,intentional_saver,2024-05-13
2975,27,intentional_saver,2024-07-30
2976,18,student,2026-01-16
2977,42,passive_user,2025-08-31
2978,39,salary_earner,2026-01-12
2979,54,passive_user,2024-08-24
2980,49,salary_earner,2025-09-04
2981,43,gig_worker,2025-07-21
2982,22,intentional_saver,2025-06-22
2983,18,gig_worker,2026-02-18
2984,48,gig_worker,2024-06-22
2985,52,salary_earner,2025-06-11
2986,40,passive_user,2024-12-22
2987,37,salary_earner,2024-12-22
2988,23,gig_worker,2024-06-24
2989,39,gig_worker,2024-04-22
2990,47,salary_earner,2025-07-31
2991,36,intentional_saver,2025-07-05
2992,29,student,2025-11-20
2993,42,gig_worker,2024-03-29
2994,37,student,2024-05-20
2995,24,student,2025-08-18
2996,40,student,2024-11-12
2997,46,gig_worker,2026-02-20
2998,26,student,2025-02-02
2999,19,salary_earner,2025-06-14
3000,55,student,2025-02-25
3001,42,salary_earner,2025-04-06
3002,52,salary_earner,2025-03-11
3003,49,student,2024-11-22
3004,46,gig_worker,2024-09-06
3005,19,passive_user,2025-04-24
3006,21,salary_earner,2024-12-24
3007,20,salary_earner,2024-05-08
3008,31,gig_worker,2024-07-09
3009,51,intentional_saver,2025-05-15
3010,52,gig_worker,2024-06-03
3011,55,salary_earner,2024-05-23
3012,22,salary_earner,2025-09-26
3013,27,salary_earner,2026-01-29
3014,19,gig_worker,2025-10-07
3015,20,gig_worker,2024-05-04
3016,26,salary_earner,2026-01-08
3017,21,salary_earner,2026-01-19
3018,24,passive_user,2024-05-18
3019,28,gig_worker,2024-04-29
3020,22,intentional_saver,2024-10-18
3021,24,intentional_saver,2024-05-08
3022,32,salary_earner,2025-04-06
3023,30,salary_earner,2025-02-15
3024,43,gig_worker,2025-02-17
3025,54,salary_earner,2025-04-24
3026,38,gig_worker,2025-05-23
3027,31,intentional_saver,2025-03-08
3028,55,intentional_saver,2025-03-17
3029,22,salary_earner,2024-06-28
3030,27,salary_earner,2025-09-30
3031,28,intentional_saver,2025-11-11
3032,53,student,2024-07-13
3033,33,salary_earner,2025-10-22
3034,20,passive_user,2025-10-30
3035,42,salary_earner,2024-11-03
3036,19,intentional_saver,2025-03-14
3037,23,intentional_saver,2025-04-19
3038,29,salary_earner,2024-08-14
3039,55,passive_user,2024-06-02
3040,44,intentional_saver,2026-02-19
3041,48,student,2025-12-09
3042,31,student,2024-04-21
3043,35,salary_earner,2025-10-07
3044,44,gig_worker,2025-09-07
3045,29,salary_earner,2024-09-10
3046,20,student,2025-07-03
3047,49,gig_worker,2024-05-28
3048,23,student,2025-02-21
3049,37,student,2026-01-09
3050,18,salary_earner,2024-07-08
3051,30,gig_worker,2024-10-20
3052,51,salary_earner,2025-04-13
3053,41,passive_user,2025-10-17
3054,52,intentional_saver,2025-08-31
3055,47,gig_worker,2025-02-26
3056,31,intentional_saver,2024-08-23
3057,30,salary_earner,2024-11-22
3058,27,salary_earner,2025-09-24
3059,48,student,2025-04-24
3060,28,gig_worker,2024-07-01
3061,20,student,2024-05-17
3062,41,salary_earner,2024-09-14
3063,45,salary_earner,2025-08-24
3064,47,salary_earner,2025-03-06
3065,21,salary_earner,2025-08-30
3066,29,passive_user,2024-06-30
3067,19,salary_earner,2024-10-04
3068,25,gig_worker,2026-01-10
3069,33,salary_earner,2025-12-29
3070,55,student,2024-03-26
3071,44,gig_worker,2024-06-24
3072,38,salary_earner,2026-01-13
3073,25,salary_earner,2024-04-30
3074,24,salary_earner,2025-08-08
3075,44,salary_earner,2025-06-22
3076,42,intentional_saver,2024-07-18
3077,22,intentional_saver,2025-08-03
3078,49,gig_worker,2024-12-23
3079,45,salary_earner,2025-09-30
3080,47,salary_earner,2024-07-11
3081,41,salary_earner,2025-03-05
3082,30,salary_earner,2024-06-05
3083,35,student,2024-05-29
3084,26,salary_earner,2024-08-20
3085,54,salary_earner,2025-08-30
3086,26,salary_earner,2024-04-15
3087,47,salary_earner,2024-07-21
3088,28,gig_worker,2024-07-21
3089,32,intentional_saver,2025-10-21
3090,28,intentional_saver,2025-05-21
3091,28,intentional_saver,2025-04-20
3092,53,gig_worker,2025-08-25
3093,23,intentional_saver,2025-03-02
3094,51,gig_worker,2025-10-23
3095,31,gig_worker,2025-10-29
3096,47,gig_worker,2025-04-21
3097,45,salary_earner,2024-10-19
3098,33,student,2024-03-11
3099,45,salary_earner,2024-12-31
3100,55,gig_worker,2024-07-17
3101,54,passive_user,2025-04-26
3102,44,intentional_saver,2024-09-13
3103,20,passive_user,2025-04-22
3104,50,passive_user,2024-07-19
3105,51,salary_earner,2025-12-31
3106,24,gig_worker,2025-06-14
3107,33,gig_worker,2024-06-11
3108,18,salary_earner,2025-03-17
3109,44,student,2025-07-16
3110,26,passive_user,2024-04-26
3111,33,gig_worker,2026-01-27
3112,23,student,2024-11-28
3113,37,salary_earner,2024-04-29
3114,47,salary_earner,2026-02-07
3115,55,intentional_saver,2024-11-28
3116,47,salary_earner,2026-02-03
3117,26,gig_worker,2025-05-01
3118,43,intentional_saver,2026-01-17
3119,41,salary_earner,2025-11-25
3120,18,student,2024-12-26
3121,22,intentional_saver,2025-12-31
3122,39,gig_worker,2024-09-02
3123,36,gig_worker,2024-06-28
3124,35,gig_worker,2024-04-23
3125,52,student,2024-08-18
3126,31,gig_worker,2024-03-18
3127,23,intentional_saver,2026-01-09
3128,39,student,2026-01-05
3129,21,student,2025-01-07
3130,41,gig_worker,2024-08-29
3131,25,intentional_saver,2024-03-17
3132,47,gig_worker,2025-06-08
3133,41,student,2025-11-26
3134,53,gig_worker,2026-01-14
3135,53,student,2024-05-09
3136,31,student,2024-03-04
3137,39,salary_earner,2025-05-22
3138,25,salary_earner,2026-01-30
3139,55,student,2024-05-12
3140,31,intentional_saver,2025-11-11
3141,32,intentional_saver,2024-07-15
3142,35,salary_earner,2024-08-14
3143,45,gig_worker,2026-01-29
3144,22,salary_earner,2025-09-17
3145,46,gig_worker,2025-03-10
3146,51,gig_worker,2025-09-29
3147,48,intentional_saver,2025-08-14
3148,52,student,2024-07-16
3149,46,intentional_saver,2024-11-07
3150,22,student,2025-06-22
3151,47,salary_earner,2025-09-15
3152,43,salary_earner,2025-05-01
3153,36,intentional_saver,2024-09-03
3154,22,passive_user,2025-12-03
3155,35,salary_earner,2024-11-24
3156,27,salary_earner,2024-09-14
3157,31,gig_worker,2026-01-12
3158,19,gig_worker,2024-09-09
3159,52,salary_earner,2024-06-22
3160,48,passive_user,2025-08-14
3161,46,salary_earner,2024-03-26
3162,19,student,2025-03-31
3163,22,salary_earner,2025-07-09
3164,32,salary_earner,2025-07-02
3165,51,intentional_saver,2024-11-11
3166,44,student,2025-11-22
3167,38,gig_worker,2025-06-15
3168,51,gig_worker,2025-03-02
3169,46,intentional_saver,2024-09-02
3170,54,gig_worker,2025-06-20
3171,37,salary_earner,2025-07-26
3172,34,salary_earner,2025-02-02
3173,41,salary_earner,2024-09-28
3174,21,passive_user,2025-12-14
3175,36,salary_earner,2025-12-21
3176,28,gig_worker,2024-06-14
3177,28,student,2024-07-30
3178,36,student,2025-03-30
3179,29,salary_earner,2025-08-17
3180,27,intentional_saver,2025-08-15
3181,25,salary_earner,2024-07-17
3182,38,salary_earner,2025-07-04
3183,46,gig_worker,2025-07-08
3184,29,salary_earner,2025-03-02
3185,20,salary_earner,2025-08-25
3186,40,student,2026-02-25
3187,46,salary_earner,2024-08-13
3188,28,gig_worker,2025-04-16
3189,25,gig_worker,2025-12-18
3190,43,passive_user,2024-10-16
3191,27,passive_user,2024-05-15
3192,38,passive_user,2025-04-16
3193,52,salary_earner,2024-08-08
3194,39,passive_user,2024-06-27
3195,36,student,2024-04-09
3196,36,gig_worker,2025-08-05
3197,54,passive_user,2024-11-10
3198,54,student,2025-08-24
3199,46,student,2024-03-15
3200,25,salary_earner,2025-01-04
3201,20,student,2025-02-08
3202,53,salary_earner,2025-10-10
3203,19,salary_earner,2024-12-10
3204,32,gig_worker,2024-05-12
3205,23,gig_worker,2025-04-04
3206,30,salary_earner,2025-06-29
3207,32,gig_worker,2025-09-16
3208,35,intentional_saver,2024-07-26
3209,23,salary_earner,2024-10-26
3210,46,gig_worker,2024-11-13
3211,23,student,2025-06-02
3212,43,passive_user,2025-09-27
3213,38,salary_earner,2024-11-21
3214,50,student,2026-02-27
3215,41,passive_user,2024-05-12
3216,45,gig_worker,2026-02-27
3217,41,gig_worker,2026-01-09
3218,40,salary_earner,2025-04-10
3219,46,gig_worker,2024-07-25
3220,23,intentional_saver,2025-01-20
3221,46,salary_earner,2025-09-19
3222,44,student,2025-06-25
3223,36,intentional_saver,2024-04-27
3224,45,salary_earner,2025-02-23
3225,44,student,2024-11-24
3226,55,salary_earner,2024-06-24
3227,27,gig_worker,2026-02-05
3228,48,salary_earner,2025-11-22
3229,51,passive_user,2025-03-12
3230,22,passive_user,2025-06-23
3231,55,passive_user,2025-07-15
3232,23,intentional_saver,2024-10-17
3233,35,salary_earner,2025-08-18
3234,53,gig_worker,2024-03-17
3235,54,gig_worker,2024-04-10
3236,26,intentional_saver,2024-12-14
3237,42,salary_earner,2024-12-11
3238,49,salary_earner,2025-10-20
3239,37,salary_earner,2025-01-18
3240,37,intentional_saver,2025-12-27
3241,47,gig_worker,2025-11-26
3242,18,salary_earner,2024-04-20
3243,37,salary_earner,2025-02-22
3244,48,passive_user,2025-03-15
3245,36,salary_earner,2025-08-01
3246,49,gig_worker,2025-10-10
3247,33,passive_user,2025-10-01
3248,35,salary_earner,2024-11-27
3249,22,gig_worker,2024-08-22
3250,41,gig_worker,2024-12-07
3251,54,gig_worker,2025-07-22
3252,34,gig_worker,2024-12-01
3253,48,student,2024-11-15
3254,25,passive_user,2026-01-07
3255,54,gig_worker,2025-03-17
3256,34,salary_earner,2026-02-20
3257,21,salary_earner,2024-03-18
3258,47,salary_earner,2025-10-16
3259,26,intentional_saver,2024-08-04
3260,21,gig_worker,2025-07-29
3261,44,salary_earner,2024-07-30
3262,40,student,2025-03-23
3263,36,salary_earner,2025-04-08
3264,22,gig_worker,2025-04-10
3265,29,gig_worker,2024-06-29
3266,28,intentional_saver,2024-11-08
3267,38,gig_worker,2025-12-14
3268,37,intentional_saver,2025-04-21
3269,41,salary_earner,2024-08-24
3270,55,salary_earner,2025-07-04
3271,27,gig_worker,2025-09-25
3272,51,salary_earner,2025-11-15
3273,49,salary_earner,2025-08-15
3274,28,gig_worker,2026-01-06
3275,27,salary_earner,2026-02-22
3276,30,gig_worker,2025-11-17
3277,53,intentional_saver,2025-05-06
3278,51,student,2025-04-28
3279,53,intentional_saver,2024-05-07
3280,25,student,2025-06-15
3281,22,gig_worker,2025-04-24
3282,26,salary_earner,2024-12-16
3283,48,passive_user,2025-08-23
3284,41,salary_earner,2024-05-15
3285,46,salary_earner,2025-03-15
3286,51,intentional_saver,2025-11-05
3287,39,intentional_saver,2025-12-28
3288,37,salary_earner,2025-03-28
3289,25,salary_earner,2025-03-19
3290,27,salary_earner,2024-03-26
3291,37,student,2024-08-14
3292,26,salary_earner,2025-10-22
3293,45,passive_user,2025-12-23
3294,25,student,2025-09-14
3295,48,salary_earner,2024-08-27
3296,20,intentional_saver,2024-03-29
3297,20,salary_earner,2024-07-01
3298,50,intentional_saver,2024-05-21
3299,48,gig_worker,2025-08-25
3300,34,salary_earner,2024-11-20
3301,37,salary_earner,2024-08-03
3302,24,student,2024-05-31
3303,31,intentional_saver,2024-11-18
3304,30,gig_worker,2025-11-03
3305,40,salary_earner,2024-11-15
3306,27,salary_earner,2024-12-13
3307,35,intentional_saver,2025-03-11
3308,40,passive_user,2025-01-31
3309,50,gig_worker,2025-06-23
3310,33,intentional_saver,2024-09-24
3311,22,gig_worker,2024-04-19
3312,55,salary_earner,2024-10-31
3313,51,intentional_saver,2024-06-09
3314,30,salary_earner,2024-10-08
3315,28,passive_user,2025-10-21
3316,52,passive_user,2025-09-29
3317,24,salary_earner,2026-01-31
3318,50,passive_user,2025-07-02
3319,48,intentional_saver,2024-09-09
3320,55,gig_worker,2025-06-20
3321,24,salary_earner,2024-10-25
3322,40,salary_earner,2024-11-05
3323,45,passive_user,2024-11-15
3324,32,salary_earner,2025-05-06
3325,38,gig_worker,2024-07-21
3326,25,salary_earner,2024-10-18
3327,49,gig_worker,2025-12-27
3328,36,intentional_saver,2024-11-05
3329,20,gig_worker,2026-02-16
3330,49,salary_earner,2024-12-09
3331,36,salary_earner,2025-03-13
3332,37,gig_worker,2024-07-26
3333,46,student,2024-07-29
3334,44,salary_earner,2025-02-07
3335,45,salary_earner,2026-01-01
3336,22,salary_earner,2025-08-13
3337,48,intentional_saver,2024-09-15
3338,41,passive_user,2025-10-09
3339,49,salary_earner,2025-04-11
3340,43,student,2024-03-01
3341,23,gig_worker,2025-10-15
3342,43,salary_earner,2024-11-14
3343,55,gig_worker,2024-07-28
3344,28,passive_user,2025-09-20
3345,30,salary_earner,2024-09-14
3346,43,salary_earner,2026-01-21
3347,45,salary_earner,2024-07-10
3348,35,student,2025-03-20
3349,55,intentional_saver,2024-07-29
3350,43,gig_worker,2024-10-30
3351,43,gig_worker,2024-11-27
3352,50,passive_user,2024-04-29
3353,47,salary_earner,2025-05-18
3354,34,salary_earner,2025-11-11
3355,32,gig_worker,2025-01-27
3356,26,student,2026-01-30
3357,21,salary_earner,2024-06-08
3358,49,intentional_saver,2025-06-14
3359,29,student,2024-03-26
3360,38,gig_worker,2024-10-04
3361,24,salary_earner,2026-02-09
3362,51,intentional_saver,2025-08-19
3363,47,intentional_saver,2024-11-16
3364,49,salary_earner,2024-07-05
3365,34,gig_worker,2024-07-26
3366,52,gig_worker,2024-06-29
3367,20,gig_worker,2024-03-26
3368,25,passive_user,2024-10-30
3369,38,gig_worker,2024-11-19
3370,46,intentional_saver,2024-06-25
3371,20,gig_worker,2025-05-27
3372,37,salary_earner,2025-01-19
3373,28,intentional_saver,2025-11-21
3374,26,gig_worker,2024-07-01
3375,42,salary_earner,2024-11-04
3376,25,gig_worker,2025-02-24
3377,49,gig_worker,2025-10-27
3378,52,student,2025-08-20
3379,48,gig_worker,2025-09-24
3380,28,gig_worker,2026-01-20
3381,43,gig_worker,2025-06-07
3382,55,salary_earner,2026-01-17
3383,40,passive_user,2025-08-20
3384,36,intentional_saver,2024-12-12
3385,19,salary_earner,2024-12-17
3386,26,gig_worker,2024-09-07
3387,40,intentional_saver,2025-08-28
3388,55,intentional_saver,2025-03-04
3389,39,salary_earner,2024-11-01
3390,45,gig_worker,2026-01-14
3391,40,salary_earner,2026-01-16
3392,21,gig_worker,2025-07-19
3393,33,student,2025-12-14
3394,37,salary_earner,2025-10-30
3395,22,gig_worker,2024-12-16
3396,25,intentional_saver,2024-04-01
3397,19,salary_earner,2025-05-16
3398,20,gig_worker,2025-01-14
3399,45,gig_worker,2024-06-21
3400,44,gig_worker,2025-05-15
3401,48,salary_earner,2024-06-28
3402,38,gig_worker,2024-11-30
3403,42,gig_worker,2025-06-01
3404,24,salary_earner,2025-09-11
3405,24,intentional_saver,2024-12-05
3406,31,student,2026-02-13
3407,50,salary_earner,2024-09-17
3408,39,intentional_saver,2024-09-22
3409,37,salary_earner,2025-12-04
3410,45,gig_worker,2024-08-14
3411,22,salary_earner,2026-02-22
3412,52,intentional_saver,2025-07-09
3413,34,salary_earner,2024-03-02
3414,54,salary_earner,2024-07-05
3415,32,gig_worker,2024-08-03
3416,23,student,2024-11-16
3417,55,student,2025-06-06
3418,39,salary_earner,2025-05-17
3419,54,salary_earner,2024-12-24
3420,48,intentional_saver,2026-01-07
3421,40,gig_worker,2024-05-31
3422,37,intentional_saver,2025-08-08
3423,37,gig_worker,2025-02-04
3424,52,gig_worker,2025-05-18
3425,44,salary_earner,2025-02-10
3426,50,gig_worker,2024-10-22
3427,53,gig_worker,2025-07-24
3428,19,salary_earner,2024-04-16
3429,51,student,2024-05-23
3430,54,intentional_saver,2026-01-25
3431,47,gig_worker,2024-10-10
3432,52,salary_earner,2025-10-21
3433,45,intentional_saver,2024-04-22
3434,21,passive_user,2026-02-17
3435,41,gig_worker,2024-10-10
3436,33,gig_worker,2026-02-12
3437,37,salary_earner,2024-12-28
3438,44,intentional_saver,2025-03-12
3439,22,salary_earner,2024-05-12
3440,44,student,2024-09-16
3441,36,salary_earner,2024-08-10
3442,34,student,2025-05-21
3443,33,student,2024-03-21
3444,25,gig_worker,2026-02-06
3445,19,salary_earner,2024-05-30
3446,37,salary_earner,2024-11-08
3447,53,gig_worker,2025-08-10
3448,45,passive_user,2024-12-02
3449,20,student,2024-04-10
3450,35,salary_earner,2026-01-22
3451,34,salary_earner,2024-05-05
3452,35,intentional_saver,2024-11-16
3453,29,student,2025-08-29
3454,20,student,2024-12-26
3455,49,passive_user,2026-02-27
3456,21,intentional_saver,2024-03-02
3457,23,intentional_saver,2024-08-21
3458,37,salary_earner,2024-08-01
3459,44,intentional_saver,2025-09-07
3460,23,intentional_saver,2024-07-03
3461,26,gig_worker,2025-11-06
3462,54,salary_earner,2024-11-02
3463,25,student,2025-07-07
3464,55,gig_worker,2025-10-25
3465,51,passive_user,2025-12-13
3466,23,salary_earner,2025-03-28
3467,25,salary_earner,2024-03-01
3468,38,intentional_saver,2025-06-24
3469,55,salary_earner,2024-03-24
3470,33,student,2024-10-22
3471,31,passive_user,2026-02-25
3472,29,salary_earner,2025-12-18
3473,35,salary_earner,2024-03-07
3474,34,gig_worker,2024-04-20
3475,21,intentional_saver,2024-08-29
3476,41,gig_worker,2024-08-26
3477,25,student,2024-06-22
3478,45,salary_earner,2024-11-25
3479,33,gig_worker,2024-08-29
3480,27,passive_user,2025-12-24
3481,41,gig_worker,2024-09-04
3482,19,intentional_saver,2025-07-12
3483,20,student,2024-05-08
3484,21,intentional_saver,2025-10-10
3485,33,student,2025-08-06
3486,42,salary_earner,2024-05-31
3487,41,salary_earner,2026-01-14
3488,25,passive_user,2024-08-08
3489,33,gig_worker,2025-05-02
3490,42,intentional_saver,2024-07-19
3491,43,salary_earner,2024-11-06
3492,34,passive_user,2025-11-09
3493,33,salary_earner,2025-07-11
3494,28,salary_earner,2025-07-30
3495,38,passive_user,2025-11-19
3496,44,intentional_saver,2025-06-03
3497,35,intentional_saver,2025-05-18
3498,49,intentional_saver,2024-08-01
3499,44,gig_worker,2025-08-06
3500,39,passive_user,2025-06-27
3501,24,student,2026-01-27
3502,34,intentional_saver,2025-04-25
3503,40,gig_worker,2024-08-18
3504,53,gig_worker,2026-01-31
3505,47,student,2025-08-15
3506,21,student,2025-03-21
3507,29,student,2025-08-27
3508,26,student,2025-07-04
3509,30,salary_earner,2026-01-18
3510,38,student,2024-07-12
3511,25,gig_worker,2025-10-16
3512,51,salary_earner,2024-07-24
3513,26,student,2025-03-25
3514,44,intentional_saver,2025-09-20
3515,38,intentional_saver,2024-03-12
3516,26,gig_worker,2024-05-16
3517,55,salary_earner,2024-06-26
3518,36,intentional_saver,2024-10-13
3519,44,salary_earner,2025-04-29
3520,43,gig_worker,2026-02-27
3521,54,intentional_saver,2025-05-11
3522,19,salary_earner,2025-07-15
3523,32,passive_user,2024-08-20
3524,47,passive_user,2025-02-15
3525,28,salary_earner,2025-06-03
3526,45,salary_earner,2024-03-14
3527,27,student,2024-05-31
3528,41,salary_earner,2025-09-09
3529,54,salary_earner,2024-05-11
3530,51,salary_earner,2025-03-04
3531,47,gig_worker,2025-09-05
3532,49,intentional_saver,2025-11-14
3533,31,salary_earner,2024-05-25
3534,35,salary_earner,2025-01-11
3535,49,salary_earner,2025-09-19
3536,45,gig_worker,2024-09-08
3537,31,intentional_saver,2024-08-20
3538,36,passive_user,2025-11-09
3539,30,student,2025-03-06
3540,44,gig_worker,2024-10-12
3541,19,intentional_saver,2024-07-02
3542,34,salary_earner,2025-10-17
3543,46,salary_earner,2024-09-26
3544,41,passive_user,2025-12-16
3545,47,gig_worker,2025-03-28
3546,48,salary_earner,2026-02-03
3547,38,salary_earner,2024-12-07
3548,43,passive_user,2025-02-17
3549,42,student,2025-09-29
3550,34,student,2025-08-26
3551,53,salary_earner,2024-05-26
3552,39,salary_earner,2025-06-15
3553,48,passive_user,2025-11-12
3554,20,passive_user,2024-08-05
3555,50,salary_earner,2025-01-10
3556,37,student,2025-09-13
3557,41,passive_user,2025-01-22
3558,53,salary_earner,2024-05-14
3559,29,salary_earner,2025-06-03
3560,50,salary_earner,2026-01-08
3561,39,gig_worker,2025-06-22
3562,26,intentional_saver,2026-01-07
3563,51,salary_earner,2024-08-03
3564,34,gig_worker,2024-10-27
3565,20,salary_earner,2024-12-28
3566,49,passive_user,2025-06-25
3567,35,intentional_saver,2024-05-20
3568,45,student,2024-04-05
3569,34,salary_earner,2024-12-24
3570,34,student,2024-10-24
3571,45,gig_worker,2025-08-04
3572,38,intentional_saver,2024-11-10
3573,49,student,2024-09-08
3574,27,intentional_saver,2025-02-06
3575,46,gig_worker,2025-03-18
3576,27,salary_earner,2025-01-20
3577,29,salary_earner,2024-04-05
3578,34,salary_earner,2024-10-14
3579,47,salary_earner,2025-06-13
3580,49,gig_worker,2024-08-12
3581,40,salary_earner,2024-07-15
3582,53,passive_user,2025-02-04
3583,49,gig_worker,2025-03-23
3584,27,salary_earner,2025-04-05
3585,23,salary_earner,2026-02-02
3586,36,salary_earner,2025-08-03
3587,28,salary_earner,2025-11-13
3588,35,student,2025-06-30
3589,55,gig_worker,2026-02-27
3590,18,salary_earner,2025-04-05
3591,54,gig_worker,2025-06-22
3592,22,salary_earner,2024-10-08
3593,49,salary_earner,2025-10-26
3594,39,student,2025-12-01
3595,25,salary_earner,2024-04-05
3596,55,gig_worker,2024-05-29
3597,24,passive_user,2024-05-10
3598,27,intentional_saver,2024-04-20
3599,47,salary_earner,2025-01-18
3600,48,intentional_saver,2024-04-30
3601,35,gig_worker,2025-01-17
3602,18,gig_worker,2024-06-19
3603,20,salary_earner,2024-10-06
3604,46,student,2024-03-20
3605,54,salary_earner,2025-09-11
3606,21,salary_earner,2025-03-15
3607,36,intentional_saver,2026-02-01
3608,21,salary_earner,2025-06-08
3609,53,student,2025-03-20
3610,42,passive_user,2026-02-09
3611,34,salary_earner,2024-08-28
3612,43,salary_earner,2024-09-21
3613,31,salary_earner,2025-08-24
3614,43,salary_earner,2024-11-26
3615,27,salary_earner,2024-12-28
3616,49,salary_earner,2025-05-14
3617,37,intentional_saver,2025-01-03
3618,26,passive_user,2025-05-18
3619,24,gig_worker,2025-07-07
3620,50,intentional_saver,2025-12-15
3621,46,salary_earner,2025-10-17
3622,48,intentional_saver,2025-06-13
3623,45,salary_earner,2024-09-30
3624,45,salary_earner,2025-03-21
3625,29,intentional_saver,2025-11-29
3626,45,gig_worker,2024-04-15
3627,50,salary_earner,2024-10-20
3628,47,salary_earner,2024-06-10
3629,27,student,2025-11-04
3630,51,passive_user,2025-10-10
3631,51,student,2024-09-10
3632,47,salary_earner,2025-04-15
3633,48,gig_worker,2025-05-11
3634,26,salary_earner,2024-08-28
3635,37,student,2026-01-27
3636,51,intentional_saver,2024-06-26
3637,54,gig_worker,2025-07-29
3638,22,salary_earner,2024-05-17
3639,50,passive_user,2024-07-22
3640,45,salary_earner,2025-07-09
3641,47,gig_worker,2024-07-17
3642,54,student,2024-12-20
3643,40,intentional_saver,2024-03-07
3644,23,salary_earner,2024-06-05
3645,19,intentional_saver,2024-11-11
3646,47,salary_earner,2025-10-25
3647,29,salary_earner,2024-08-07
3648,20,intentional_saver,2024-07-01
3649,37,salary_earner,2025-12-29
3650,47,salary_earner,2025-12-21
3651,46,intentional_saver,2025-04-30
3652,34,student,2025-10-25
3653,29,salary_earner,2025-12-30
3654,23,salary_earner,2026-02-15
3655,34,student,2025-03-14
3656,24,intentional_saver,2025-05-02
3657,19,gig_worker,2025-06-06
3658,25,salary_earner,2024-08-03
3659,48,salary_earner,2024-11-14
3660,43,gig_worker,2026-01-26
3661,49,intentional_saver,2024-05-03
3662,41,salary_earner,2025-04-28
3663,43,student,2024-05-24
3664,23,intentional_saver,2024-03-12
3665,18,salary_earner,2024-10-02
3666,19,salary_earner,2026-01-31
3667,30,student,2024-10-05
3668,31,intentional_saver,2025-08-12
3669,27,gig_worker,2025-12-09
3670,45,student,2025-12-10
3671,52,intentional_saver,2025-03-22
3672,37,salary_earner,2025-05-08
3673,27,intentional_saver,2024-04-29
3674,19,gig_worker,2025-10-16
3675,27,salary_earner,2025-12-21
3676,46,student,2025-04-19
3677,48,passive_user,2025-06-07
3678,46,salary_earner,2025-06-20
3679,30,gig_worker,2024-08-29
3680,43,salary_earner,2025-11-20
3681,18,salary_earner,2025-02-11
3682,45,salary_earner,2025-05-20
3683,49,passive_user,2025-01-17
3684,53,student,2026-01-15
3685,20,passive_user,2025-01-28
3686,49,gig_worker,2024-06-30
3687,49,gig_worker,2024-04-26
3688,21,salary_earner,2025-10-13
3689,45,gig_worker,2025-07-23
3690,53,gig_worker,2024-10-16
3691,44,salary_earner,2024-10-20
3692,25,intentional_saver,2025-07-16
3693,40,gig_worker,2025-10-27
3694,45,gig_worker,2025-08-26
3695,36,salary_earner,2024-12-18
3696,48,student,2026-02-16
3697,32,salary_earner,2025-12-17
3698,55,gig_worker,2024-09-23
3699,39,passive_user,2025-01-24
3700,47,passive_user,2024-11-28
3701,36,salary_earner,2026-02-19
3702,42,student,2024-06-30
3703,41,passive_user,2025-12-13
3704,28,intentional_saver,2025-12-17
3705,36,student,2025-08-05
3706,23,student,2025-11-28
3707,26,student,2025-08-23
3708,28,salary_earner,2024-03-20
3709,24,student,2025-03-10
3710,49,intentional_saver,2026-02-09
3711,31,salary_earner,2025-07-23
3712,19,gig_worker,2026-02-17
3713,34,gig_worker,2025-07-31
3714,28,gig_worker,2025-03-07
3715,50,salary_earner,2024-06-29
3716,22,salary_earner,2024-07-08
3717,25,salary_earner,2024-03-11
3718,25,student,2024-08-05
3719,49,gig_worker,2025-09-16
3720,39,salary_earner,2025-02-02
3721,20,intentional_saver,2025-02-25
3722,53,intentional_saver,2025-01-03
3723,27,salary_earner,2024-06-28
3724,50,intentional_saver,2025-09-01
3725,24,student,2025-02-21
3726,46,student,2026-01-20
3727,25,intentional_saver,2025-05-30
3728,24,passive_user,2025-01-21
3729,20,intentional_saver,2026-02-23
3730,28,gig_worker,2026-02-18
3731,31,student,2024-06-02
3732,28,passive_user,2025-02-01
3733,46,student,2026-02-15
3734,49,intentional_saver,2025-12-20
3735,24,student,2024-10-15
3736,41,salary_earner,2025-08-10
3737,26,salary_earner,2024-10-03
3738,30,salary_earner,2024-05-30
3739,44,gig_worker,2025-02-03
3740,18,intentional_saver,2024-12-24
3741,48,salary_earner,2025-08-22
3742,50,salary_earner,2025-03-26
3743,35,salary_earner,2026-01-10
3744,44,gig_worker,2026-01-09
3745,33,gig_worker,2025-12-03
3746,51,salary_earner,2024-09-18
3747,32,gig_worker,2024-08-07
3748,45,salary_earner,2025-10-31
3749,44,gig_worker,2024-07-14
3750,51,intentional_saver,2024-06-23
3751,41,intentional_saver,2025-07-15
3752,46,passive_user,2024-05-26
3753,18,salary_earner,2026-01-03
3754,51,student,2024-10-16
3755,23,passive_user,2025-01-30
3756,43,salary_earner,2025-02-03
3757,28,passive_user,2024-06-08
3758,43,gig_worker,2024-10-25
3759,27,intentional_saver,2024-12-19
3760,21,passive_user,2024-08-01
3761,51,passive_user,2024-06-18
3762,44,passive_user,2024-03-07
3763,53,gig_worker,2024-08-07
3764,38,intentional_saver,2024-10-17
3765,18,passive_user,2025-06-28
3766,51,intentional_saver,2024-10-10
3767,27,student,2025-12-24
3768,46,student,2024-06-23
3769,52,student,2025-10-30
3770,46,student,2025-04-01
3771,43,student,2024-08-11
3772,37,intentional_saver,2025-10-14
3773,52,salary_earner,2024-08-28
3774,26,salary_earner,2025-03-22
3775,52,gig_worker,2024-04-03
3776,23,salary_earner,2024-04-01
3777,37,gig_worker,2025-12-27
3778,28,gig_worker,2025-07-10
3779,52,salary_earner,2025-03-27
3780,33,gig_worker,2025-09-13
3781,37,intentional_saver,2024-08-27
3782,50,student,2025-09-25
3783,21,salary_earner,2025-06-20
3784,34,intentional_saver,2025-06-09
3785,40,student,2026-02-07
3786,25,salary_earner,2024-07-07
3787,54,gig_worker,2024-05-07
3788,47,student,2024-08-15
3789,33,salary_earner,2025-06-11
3790,55,intentional_saver,2025-02-17
3791,52,gig_worker,2024-05-18
3792,32,intentional_saver,2025-03-08
3793,36,gig_worker,2024-12-14
3794,54,student,2025-08-01
3795,42,student,2024-10-12
3796,33,gig_worker,2025-06-13
3797,51,salary_earner,2024-04-19
3798,41,gig_worker,2025-03-23
3799,27,gig_worker,2026-01-06
3800,44,student,2024-10-01
3801,21,salary_earner,2025-09-26
3802,26,gig_worker,2025-10-31
3803,46,gig_worker,2024-09-04
3804,51,salary_earner,2025-11-30
3805,53,gig_worker,2026-01-31
3806,43,gig_worker,2024-06-06
3807,55,intentional_saver,2024-08-22
3808,45,gig_worker,2025-08-06
3809,49,passive_user,2024-04-08
3810,44,student,2024-12-16
3811,27,intentional_saver,2024-04-07
3812,49,gig_worker,2024-10-01
3813,26,student,2025-06-09
3814,50,passive_user,2026-01-18
3815,25,intentional_saver,2024-03-15
3816,47,student,2024-11-24
3817,28,gig_worker,2024-09-22
3818,41,passive_user,2025-12-17
3819,25,passive_user,2025-04-23
3820,44,student,2025-01-26
3821,41,salary_earner,2024-03-13
3822,20,gig_worker,2024-08-30
3823,25,gig_worker,2025-04-14
3824,41,gig_worker,2025-05-03
3825,49,salary_earner,2025-08-01
3826,27,salary_earner,2025-10-06
3827,55,salary_earner,2025-12-07
3828,37,gig_worker,2025-06-30
3829,31,intentional_saver,2025-10-13
3830,49,salary_earner,2024-07-02
3831,53,salary_earner,2024-05-15
3832,20,salary_earner,2024-06-23
3833,54,gig_worker,2026-01-14
3834,46,salary_earner,2024-09-06
3835,42,passive_user,2025-07-02
3836,26,gig_worker,2026-02-22
3837,50,intentional_saver,2025-01-10
3838,46,student,2024-09-23
3839,27,student,2025-05-25
3840,38,intentional_saver,2024-05-04
3841,44,salary_earner,2024-09-15
3842,43,gig_worker,2024-04-18
3843,20,salary_earner,2024-07-22
3844,46,passive_user,2025-08-16
3845,23,student,2026-02-26
3846,19,intentional_saver,2025-01-20
3847,37,gig_worker,2024-08-13
3848,25,gig_worker,2025-02-13
3849,23,student,2024-12-12
3850,52,salary_earner,2024-11-17
3851,21,gig_worker,2024-11-07
3852,51,passive_user,2025-06-21
3853,48,salary_earner,2026-02-11
3854,19,gig_worker,2024-09-06
3855,52,salary_earner,2025-07-26
3856,19,salary_earner,2025-10-27
3857,31,salary_earner,2025-10-10
3858,55,salary_earner,2025-03-21
3859,52,gig_worker,2024-12-08
3860,43,student,2024-12-26
3861,49,gig_worker,2025-01-13
3862,19,intentional_saver,2024-04-01
3863,29,salary_earner,2024-04-28
3864,51,gig_worker,2024-12-12
3865,34,salary_earner,2025-07-02
3866,24,salary_earner,2024-12-21
3867,36,gig_worker,2025-04-09
3868,34,salary_earner,2024-08-08
3869,27,intentional_saver,2024-03-08
3870,44,salary_earner,2025-06-24
3871,21,student,2025-07-26
3872,38,student,2025-09-27
3873,21,salary_earner,2025-05-22
3874,24,salary_earner,2024-03-19
3875,44,salary_earner,2024-08-04
3876,34,intentional_saver,2026-02-02
3877,25,gig_worker,2025-04-28
3878,33,salary_earner,2024-04-11
3879,55,intentional_saver,2025-05-01
3880,50,salary_earner,2024-11-09
3881,42,intentional_saver,2024-06-28
3882,35,passive_user,2024-08-17
3883,47,salary_earner,2025-05-30
3884,22,gig_worker,2024-12-29
3885,44,gig_worker,2024-08-24
3886,19,student,2024-07-08
3887,55,salary_earner,2024-07-02
3888,33,student,2026-01-03
3889,26,intentional_saver,2024-09-02
3890,44,salary_earner,2025-08-23
3891,50,gig_worker,2024-12-27
3892,27,salary_earner,2024-12-21
3893,28,gig_worker,2025-05-24
3894,52,intentional_saver,2024-04-04
3895,53,passive_user,2025-04-02
3896,18,gig_worker,2026-01-17
3897,36,intentional_saver,2024-08-05
3898,28,student,2024-06-07
3899,48,salary_earner,2025-11-01
3900,34,salary_earner,2025-07-21
3901,42,intentional_saver,2025-05-31
3902,31,passive_user,2025-12-23
3903,50,gig_worker,2024-05-02
3904,28,salary_earner,2024-08-23
3905,54,student,2024-10-19
3906,23,salary_earner,2025-05-25
3907,25,gig_worker,2025-11-19
3908,53,intentional_saver,2024-12-04
3909,45,passive_user,2024-06-27
3910,50,salary_earner,2024-12-24
3911,38,passive_user,2024-06-24
3912,39,intentional_saver,2024-09-01
3913,46,student,2024-12-05
3914,38,salary_earner,2025-05-22
3915,47,salary_earner,2025-03-15
3916,39,passive_user,2025-04-15
3917,26,salary_earner,2024-12-20
3918,18,student,2024-03-10
3919,18,student,2024-04-25
3920,29,passive_user,2025-08-30
3921,49,gig_worker,2024-11-13
3922,52,intentional_saver,2025-09-06
3923,22,salary_earner,2024-05-08
3924,46,gig_worker,2025-02-17
3925,40,student,2025-07-31
3926,42,passive_user,2024-12-20
3927,40,intentional_saver,2025-12-28
3928,18,gig_worker,2024-05-25
3929,41,salary_earner,2025-10-14
3930,46,passive_user,2024-12-01
3931,19,salary_earner,2026-02-18
3932,40,intentional_saver,2025-10-02
3933,37,salary_earner,2024-09-27
3934,32,intentional_saver,2025-11-23
3935,49,salary_earner,2025-01-14
3936,20,passive_user,2025-05-24
3937,31,salary_earner,2024-08-25
3938,43,salary_earner,2025-06-22
3939,35,salary_earner,2024-08-24
3940,49,gig_worker,2025-05-26
3941,30,salary_earner,2024-11-15
3942,54,student,2024-12-11
3943,54,student,2025-12-11
3944,55,salary_earner,2024-11-19
3945,22,salary_earner,2025-12-14
3946,54,salary_earner,2026-02-01
3947,51,intentional_saver,2025-05-01
3948,35,student,2024-05-28
3949,19,salary_earner,2025-11-13
3950,52,passive_user,2024-05-11
3951,53,student,2025-04-04
3952,18,intentional_saver,2024-05-04
3953,21,passive_user,2025-10-04
3954,38,intentional_saver,2024-06-26
3955,44,gig_worker,2024-07-30
3956,51,salary_earner,2025-03-08
3957,41,gig_worker,2025-11-11
3958,20,gig_worker,2025-08-08
3959,32,intentional_saver,2025-07-16
3960,44,salary_earner,2025-05-18
3961,38,gig_worker,2026-02-12
3962,30,salary_earner,2025-08-27
3963,54,salary_earner,2024-05-11
3964,32,intentional_saver,2024-08-28
3965,45,passive_user,2025-11-24
3966,33,passive_user,2025-10-31
3967,39,salary_earner,2024-11-26
3968,24,salary_earner,2025-02-22
3969,45,salary_earner,2025-06-01
3970,55,intentional_saver,2024-03-09
3971,39,intentional_saver,2025-11-23
3972,33,intentional_saver,2024-05-23
3973,33,salary_earner,2024-07-24
3974,21,passive_user,2026-01-06
3975,51,intentional_saver,2025-08-01
3976,22,intentional_saver,2024-11-22
3977,46,intentional_saver,2026-01-22
3978,46,intentional_saver,2025-03-29
3979,23,gig_worker,2024-12-19
3980,20,passive_user,2025-02-13
3981,22,gig_worker,2024-07-26
3982,21,intentional_saver,2024-10-30
3983,46,passive_user,2024-05-10
3984,45,salary_earner,2025-11-13
3985,21,salary_earner,2024-07-15
3986,36,gig_worker,2024-06-09
3987,43,intentional_saver,2025-06-16
3988,44,salary_earner,2025-10-04
3989,18,salary_earner,2024-08-06
3990,47,gig_worker,2026-01-31
3991,24,intentional_saver,2024-04-14
3992,19,salary_earner,2025-04-30
3993,39,gig_worker,2024-12-11
3994,24,gig_worker,2025-12-16
3995,22,salary_earner,2025-03-18
3996,30,gig_worker,2024-12-10
3997,26,passive_user,2024-06-18
3998,34,student,2025-11-19
3999,48,gig_worker,2025-09-26
4000,46,student,2024-04-01
4001,26,salary_earner,2024-03-25
4002,21,intentional_saver,2025-03-05
4003,55,salary_earner,2024-04-18
4004,40,gig_worker,2024-09-25
4005,52,salary_earner,2025-06-05
4006,27,intentional_saver,2025-10-24
4007,39,gig_worker,2025-05-31
4008,18,salary_earner,2025-07-13
4009,27,gig_worker,2024-10-03
4010,50,salary_earner,2025-06-03
4011,53,intentional_saver,2024-09-10
4012,45,intentional_saver,2025-09-05
4013,30,salary_earner,2025-10-28
4014,30,student,2025-11-08
4015,39,intentional_saver,2026-01-25
4016,48,salary_earner,2025-12-25
4017,47,student,2025-12-05
4018,39,gig_worker,2025-08-16
4019,54,intentional_saver,2025-12-09
4020,37,passive_user,2024-04-21
4021,28,gig_worker,2024-12-26
4022,20,salary_earner,2026-02-18
4023,18,gig_worker,2024-07-25
4024,32,student,2024-09-13
4025,31,gig_worker,2024-07-21
4026,39,salary_earner,2026-01-08
4027,42,intentional_saver,2025-09-13
4028,29,salary_earner,2025-10-07
4029,18,intentional_saver,2025-06-16
4030,22,gig_worker,2024-05-22
4031,53,gig_worker,2024-07-16
4032,36,salary_earner,2024-09-30
4033,55,gig_worker,2025-04-24
4034,41,passive_user,2025-02-25
4035,19,salary_earner,2024-12-24
4036,36,salary_earner,2025-08-28
4037,34,salary_earner,2025-02-02
4038,39,student,2024-04-10
4039,33,intentional_saver,2025-02-14
4040,19,salary_earner,2024-12-31
4041,34,salary_earner,2024-08-31
4042,19,passive_user,2025-07-20
4043,26,intentional_saver,2024-10-31
4044,25,gig_worker,2025-01-17
4045,31,salary_earner,2025-04-11
4046,33,salary_earner,2025-03-04
4047,41,gig_worker,2025-02-22
4048,51,student,2024-05-03
4049,45,passive_user,2024-04-22
4050,22,intentional_saver,2025-06-23
4051,26,salary_earner,2025-04-27
4052,30,intentional_saver,2024-12-18
4053,41,gig_worker,2025-12-14
4054,45,salary_earner,2024-08-12
4055,33,passive_user,2025-03-17
4056,55,passive_user,2025-06-01
4057,52,salary_earner,2026-01-26
4058,27,salary_earner,2024-10-15
4059,21,salary_earner,2024-12-28
4060,35,student,2024-11-30
4061,50,intentional_saver,2025-04-18
4062,49,passive_user,2025-01-17
4063,23,salary_earner,2026-01-07
4064,22,intentional_saver,2026-01-10
4065,42,salary_earner,2026-01-21
4066,50,intentional_saver,2024-09-29
4067,51,gig_worker,2025-12-26
4068,38,gig_worker,2024-06-01
4069,51,student,2025-11-21
4070,49,student,2025-01-13
4071,55,gig_worker,2025-08-27
4072,55,gig_worker,2024-07-09
4073,31,student,2024-12-15
4074,30,salary_earner,2024-09-04
4075,33,gig_worker,2024-10-02
4076,37,gig_worker,2025-07-12
4077,42,gig_worker,2024-05-14
4078,41,gig_worker,2025-09-30
4079,23,salary_earner,2025-06-11
4080,23,salary_earner,2024-04-27
4081,51,salary_earner,2025-02-14
4082,55,gig_worker,2026-01-03
4083,50,salary_earner,2025-07-22
4084,45,student,2025-10-04
4085,45,gig_worker,2024-08-21
4086,49,gig_worker,2024-09-23
4087,42,salary_earner,2025-03-02
4088,46,salary_earner,2024-10-04
4089,22,salary_earner,2024-05-22
4090,23,gig_worker,2024-03-08
4091,50,salary_earner,2025-04-27
4092,23,gig_worker,2025-08-31
4093,32,intentional_saver,2024-08-23
4094,22,salary_earner,2024-05-13
4095,52,gig_worker,2025-05-02
4096,30,salary_earner,2025-05-04
4097,34,student,2024-08-12
4098,35,salary_earner,2025-03-28
4099,26,salary_earner,2024-11-21
4100,52,passive_user,2025-01-29
4101,18,passive_user,2024-03-30
4102,36,intentional_saver,2024-04-11
4103,43,intentional_saver,2025-01-10
4104,55,passive_user,2024-12-06
4105,18,intentional_saver,2026-02-01
4106,50,gig_worker,2024-07-28
4107,27,passive_user,2024-06-28
4108,32,intentional_saver,2025-10-13
4109,31,salary_earner,2025-09-22
4110,51,gig_worker,2025-02-18
4111,53,gig_worker,2024-06-18
4112,47,intentional_saver,2025-02-03
4113,23,salary_earner,2025-01-09
4114,30,salary_earner,2026-01-13
4115,44,gig_worker,2024-04-21
4116,46,salary_earner,2025-11-22
4117,19,intentional_saver,2024-11-23
4118,54,gig_worker,2024-11-07
4119,37,intentional_saver,2024-05-02
4120,18,passive_user,2026-02-16
4121,40,gig_worker,2026-02-01
4122,44,salary_earner,2025-04-04
4123,43,gig_worker,2025-06-05
4124,52,intentional_saver,2025-07-18
4125,55,salary_earner,2025-09-27
4126,20,salary_earner,2025-12-25
4127,27,passive_user,2025-11-01
4128,39,passive_user,2025-05-07
4129,54,gig_worker,2024-09-04
4130,42,intentional_saver,2025-02-15
4131,43,salary_earner,2024-11-30
4132,42,salary_earner,2024-04-18
4133,24,salary_earner,2025-06-08
4134,46,salary_earner,2025-05-06
4135,37,student,2024-07-14
4136,24,salary_earner,2025-10-09
4137,29,student,2025-11-13
4138,49,salary_earner,2025-11-20
4139,30,salary_earner,2024-07-02
4140,42,salary_earner,2024-05-05
4141,32,salary_earner,2024-07-12
4142,51,salary_earner,2026-02-07
4143,21,salary_earner,2025-05-26
4144,18,gig_worker,2024-03-28
4145,44,salary_earner,2024-09-28
4146,25,gig_worker,2025-05-24
4147,44,salary_earner,2026-01-20
4148,22,gig_worker,2025-11-12
4149,31,gig_worker,2025-11-22
4150,31,salary_earner,2024-06-06
4151,48,salary_earner,2025-12-13
4152,54,salary_earner,2026-02-09
4153,55,passive_user,2025-10-30
4154,47,salary_earner,2024-05-01
4155,18,salary_earner,2025-12-17
4156,46,passive_user,2024-03-18
4157,43,salary_earner,2025-07-07
4158,33,student,2024-04-23
4159,54,gig_worker,2025-12-26
4160,47,intentional_saver,2024-07-16
4161,20,gig_worker,2024-04-24
4162,36,student,2025-10-15
4163,47,student,2024-08-13
4164,37,salary_earner,2025-08-14
4165,29,gig_worker,2025-06-04
4166,29,gig_worker,2025-07-13
4167,45,intentional_saver,2026-02-14
4168,29,gig_worker,2026-02-02
4169,24,student,2025-03-07
4170,20,gig_worker,2024-05-05
4171,28,salary_earner,2024-03-31
4172,52,salary_earner,2024-06-11
4173,22,salary_earner,2025-11-25
4174,31,student,2024-05-03
4175,44,passive_user,2025-12-20
4176,53,passive_user,2024-06-27
4177,41,salary_earner,2025-12-03
4178,24,salary_earner,2024-04-02
4179,38,gig_worker,2024-04-15
4180,28,gig_worker,2025-07-04
4181,50,salary_earner,2024-02-29
4182,19,salary_earner,2026-01-15
4183,47,salary_earner,2024-06-15
4184,43,gig_worker,2024-06-19
4185,43,intentional_saver,2025-07-25
4186,34,salary_earner,2025-01-05
4187,26,salary_earner,2024-11-10
4188,47,salary_earner,2025-05-08
4189,22,gig_worker,2025-03-04
4190,33,salary_earner,2025-10-27
4191,46,student,2025-03-24
4192,35,salary_earner,2024-08-01
4193,28,intentional_saver,2024-04-11
4194,24,intentional_saver,2024-08-23
4195,25,salary_earner,2024-12-02
4196,43,gig_worker,2024-08-23
4197,18,salary_earner,2024-04-21
4198,27,student,2025-10-13
4199,29,gig_worker,2026-01-04
4200,20,salary_earner,2025-11-08
4201,52,intentional_saver,2026-02-21
4202,21,salary_earner,2025-08-23
4203,51,intentional_saver,2026-01-22
4204,24,student,2024-07-14
4205,37,gig_worker,2024-08-10
4206,18,gig_worker,2024-10-05
4207,42,salary_earner,2025-09-16
4208,33,intentional_saver,2026-01-23
4209,33,gig_worker,2025-07-26
4210,19,salary_earner,2024-09-05
4211,18,gig_worker,2025-01-15
4212,30,salary_earner,2025-02-23
4213,22,student,2024-03-29
4214,24,salary_earner,2025-10-08
4215,28,intentional_saver,2024-08-05
4216,20,student,2024-03-18
4217,24,gig_worker,2024-07-22
4218,38,intentional_saver,2025-10-29
4219,30,gig_worker,2025-04-21
4220,52,student,2025-09-14
4221,45,gig_worker,2024-06-16
4222,31,salary_earner,2025-11-30
4223,38,salary_earner,2024-11-05
4224,43,salary_earner,2024-06-08
4225,18,student,2024-05-01
4226,47,gig_worker,2025-09-12
4227,35,salary_earner,2025-02-10
4228,41,student,2025-05-31
4229,31,salary_earner,2025-07-24
4230,49,gig_worker,2025-01-13
4231,24,passive_user,2025-01-23
4232,54,student,2026-02-05
4233,24,salary_earner,2024-12-29
4234,42,gig_worker,2024-06-28
4235,26,student,2025-08-01
4236,38,salary_earner,2025-11-25
4237,48,passive_user,2025-09-27
4238,19,salary_earner,2024-05-16
4239,55,student,2024-07-20
4240,50,gig_worker,2026-01-03
4241,32,student,2024-03-05
4242,18,gig_worker,2024-09-12
4243,25,salary_earner,2025-02-12
4244,45,salary_earner,2025-01-28
4245,23,intentional_saver,2024-10-07
4246,41,salary_earner,2024-12-09
4247,30,gig_worker,2025-01-06
4248,31,salary_earner,2024-04-19
4249,33,student,2025-05-05
4250,46,passive_user,2025-09-27
4251,39,student,2024-11-18
4252,38,salary_earner,2024-06-06
4253,20,student,2025-05-17
4254,44,gig_worker,2024-08-20
4255,36,student,2024-06-06
4256,32,intentional_saver,2026-02-27
4257,39,intentional_saver,2024-10-18
4258,31,salary_earner,2024-05-30
4259,33,gig_worker,2025-01-10
4260,32,intentional_saver,2025-02-17
4261,42,student,2025-03-06
4262,29,gig_worker,2025-08-31
4263,18,gig_worker,2025-05-23
4264,49,salary_earner,2025-10-10
4265,30,salary_earner,2025-05-13
4266,27,salary_earner,2025-05-05
4267,26,passive_user,2024-12-23
4268,55,salary_earner,2024-12-31
4269,31,gig_worker,2026-02-01
4270,23,salary_earner,2026-01-23
4271,47,gig_worker,2024-11-23
4272,30,salary_earner,2025-08-14
4273,29,salary_earner,2024-05-05
4274,37,student,2025-11-05
4275,46,salary_earner,2024-03-25
4276,30,passive_user,2025-02-25
4277,48,salary_earner,2024-11-02
4278,41,salary_earner,2024-10-24
4279,28,gig_worker,2025-04-05
4280,45,gig_worker,2025-06-02
4281,45,gig_worker,2024-04-27
4282,48,intentional_saver,2025-01-20
4283,42,salary_earner,2025-12-18
4284,23,gig_worker,2025-03-24
4285,37,intentional_saver,2025-05-01
4286,27,gig_worker,2024-05-08
4287,29,gig_worker,2024-03-19
4288,47,salary_earner,2025-05-05
4289,36,salary_earner,2025-10-28
4290,48,gig_worker,2026-02-20
4291,26,salary_earner,2025-09-03
4292,30,student,2024-06-28
4293,30,salary_earner,2026-02-25
4294,50,salary_earner,2025-09-02
4295,41,student,2024-07-23
4296,44,gig_worker,2025-08-20
4297,41,passive_user,2024-10-01
4298,37,gig_worker,2025-04-29
4299,55,student,2025-10-16
4300,20,salary_earner,2025-09-02
4301,25,passive_user,2025-10-16
4302,54,gig_worker,2025-11-21
4303,45,salary_earner,2025-01-31
4304,40,passive_user,2024-12-20
4305,49,gig_worker,2025-06-20
4306,41,student,2025-02-10
4307,42,student,2025-10-02
4308,33,passive_user,2025-09-26
4309,20,salary_earner,2025-02-21
4310,41,passive_user,2025-10-26
4311,19,student,2024-04-30
4312,27,student,2024-04-22
4313,47,salary_earner,2024-08-19
4314,27,passive_user,2025-01-04
4315,55,salary_earner,2025-10-12
4316,28,passive_user,2025-08-06
4317,23,salary_earner,2025-03-15
4318,42,student,2024-09-28
4319,55,gig_worker,2024-05-09
4320,23,passive_user,2025-08-25
4321,30,gig_worker,2025-07-31
4322,28,intentional_saver,2025-03-07
4323,34,intentional_saver,2024-08-21
4324,50,student,2024-07-17
4325,42,passive_user,2025-08-06
4326,44,gig_worker,2024-08-01
4327,23,intentional_saver,2024-09-02
4328,54,salary_earner,2025-04-27
4329,40,intentional_saver,2025-12-20
4330,35,intentional_saver,2024-06-20
4331,43,student,2024-08-19
4332,18,student,2025-05-04
4333,49,passive_user,2024-07-28
4334,22,salary_earner,2026-02-22
4335,44,intentional_saver,2024-03-03
4336,36,gig_worker,2025-01-11
4337,28,student,2024-08-24
4338,29,salary_earner,2024-05-18
4339,30,student,2025-05-11
4340,50,gig_worker,2024-06-30
4341,46,passive_user,2024-08-27
4342,31,gig_worker,2025-05-22
4343,21,salary_earner,2025-05-18
4344,30,student,2025-04-18
4345,44,salary_earner,2024-09-14
4346,24,gig_worker,2026-02-19
4347,28,intentional_saver,2025-10-28
4348,23,salary_earner,2025-11-16
4349,35,gig_worker,2025-08-21
4350,19,salary_earner,2024-06-23
4351,48,gig_worker,2024-09-30
4352,24,gig_worker,2024-11-08
4353,35,salary_earner,2025-07-09
4354,18,intentional_saver,2024-09-04
4355,20,student,2025-01-29
4356,51,salary_earner,2025-04-12
4357,42,intentional_saver,2026-02-25
4358,35,student,2024-12-08
4359,48,passive_user,2024-03-01
4360,45,intentional_saver,2025-09-02
4361,39,salary_earner,2024-10-31
4362,33,passive_user,2025-09-06
4363,43,passive_user,2024-08-18
4364,21,gig_worker,2025-07-29
4365,39,passive_user,2025-10-20
4366,18,intentional_saver,2024-07-10
4367,43,gig_worker,2025-01-08
4368,26,student,2024-10-26
4369,25,salary_earner,2025-04-06
4370,35,intentional_saver,2024-11-12
4371,33,passive_user,2024-07-08
4372,48,gig_worker,2024-11-30
4373,30,gig_worker,2024-08-27
4374,38,salary_earner,2025-02-10
4375,41,salary_earner,2025-05-08
4376,38,intentional_saver,2025-06-05
4377,32,student,2024-08-31
4378,43,student,2025-07-22
4379,23,student,2024-04-23
4380,48,salary_earner,2025-04-26
4381,24,passive_user,2025-10-01
4382,36,student,2025-11-03
4383,27,student,2024-06-15
4384,54,intentional_saver,2024-04-30
4385,50,intentional_saver,2024-03-24
4386,49,salary_earner,2025-12-20
4387,37,intentional_saver,2025-02-25
4388,53,intentional_saver,2024-08-23
4389,47,passive_user,2025-02-01
4390,46,salary_earner,2025-07-09
4391,48,passive_user,2025-07-27
4392,33,student,2025-04-21
4393,28,salary_earner,2024-05-22
4394,23,intentional_saver,2024-04-04
4395,19,salary_earner,2025-11-13
4396,38,salary_earner,2025-10-25
4397,35,passive_user,2025-05-22
4398,34,salary_earner,2025-10-22
4399,25,student,2024-03-29
4400,52,student,2025-09-03
4401,49,student,2024-05-25
4402,39,salary_earner,2024-07-10
4403,54,intentional_saver,2024-04-18
4404,22,intentional_saver,2025-07-04
4405,42,student,2025-09-29
4406,42,passive_user,2024-05-14
4407,53,student,2025-01-22
4408,45,passive_user,2026-02-27
4409,32,intentional_saver,2024-10-08
4410,36,salary_earner,2025-11-03
4411,23,salary_earner,2024-07-13
4412,55,salary_earner,2024-04-25
4413,25,passive_user,2024-03-04
4414,26,gig_worker,2025-07-01
4415,42,intentional_saver,2025-03-15
4416,18,gig_worker,2025-03-29
4417,55,salary_earner,2024-10-30
4418,42,gig_worker,2025-09-28
4419,38,passive_user,2025-03-01
4420,26,intentional_saver,2025-12-02
4421,55,gig_worker,2025-06-28
4422,43,salary_earner,2025-01-25
4423,47,salary_earner,2025-12-22
4424,36,salary_earner,2024-11-18
4425,49,intentional_saver,2025-07-17
4426,27,student,2025-08-04
4427,27,student,2025-04-10
4428,20,student,2024-07-17
4429,37,gig_worker,2025-10-12
4430,25,gig_worker,2024-03-12
4431,54,salary_earner,2025-10-01
4432,31,gig_worker,2025-02-06
4433,42,gig_worker,2025-02-04
4434,39,salary_earner,2024-09-17
4435,31,salary_earner,2024-03-21
4436,32,intentional_saver,2025-03-07
4437,21,student,2024-08-31
4438,29,passive_user,2025-03-15
4439,43,intentional_saver,2024-07-13
4440,28,salary_earner,2026-02-20
4441,53,passive_user,2024-04-28
4442,45,gig_worker,2025-09-28
4443,40,student,2024-03-28
4444,43,intentional_saver,2025-10-31
4445,36,salary_earner,2025-11-20
4446,30,salary_earner,2025-06-16
4447,53,student,2025-05-26
4448,26,gig_worker,2024-11-16
4449,55,salary_earner,2025-07-04
4450,21,intentional_saver,2025-05-26
4451,37,intentional_saver,2024-09-04
4452,28,gig_worker,2024-03-10
4453,46,gig_worker,2025-01-06
4454,36,student,2025-03-23
4455,31,intentional_saver,2025-05-21
4456,30,salary_earner,2024-03-01
4457,18,student,2024-04-26
4458,54,gig_worker,2025-06-30
4459,27,salary_earner,2024-03-27
4460,45,gig_worker,2025-10-25
4461,28,student,2026-02-05
4462,24,passive_user,2024-07-02
4463,48,gig_worker,2025-11-05
4464,21,salary_earner,2025-11-03
4465,50,salary_earner,2024-10-09
4466,55,student,2024-04-16
4467,27,gig_worker,2024-11-08
4468,43,student,2025-09-12
4469,25,salary_earner,2025-05-26
4470,49,salary_earner,2024-12-03
4471,29,salary_earner,2025-04-28
4472,42,student,2024-07-14
4473,23,intentional_saver,2024-06-01
4474,42,intentional_saver,2025-03-01
4475,46,salary_earner,2024-12-27
4476,25,gig_worker,2024-03-30
4477,25,salary_earner,2024-04-20
4478,50,gig_worker,2026-02-02
4479,55,salary_earner,2025-04-09
4480,54,gig_worker,2024-05-08
4481,24,gig_worker,2024-05-12
4482,29,intentional_saver,2025-09-09
4483,45,gig_worker,2025-05-13
4484,26,salary_earner,2025-12-28
4485,22,salary_earner,2024-10-05
4486,52,student,2025-01-02
4487,19,salary_earner,2025-04-20
4488,52,gig_worker,2025-12-24
4489,51,intentional_saver,2025-11-08
4490,51,gig_worker,2025-05-06
4491,52,intentional_saver,2025-09-29
4492,25,student,2024-08-15
4493,31,intentional_saver,2024-03-23
4494,25,passive_user,2025-09-08
4495,29,salary_earner,2025-08-18
4496,46,salary_earner,2024-09-11
4497,25,intentional_saver,2025-08-26
4498,54,salary_earner,2025-09-12
4499,28,salary_earner,2024-10-09
4500,34,salary_earner,2024-03-01
4501,20,intentional_saver,2025-05-01
4502,25,salary_earner,2024-08-23
4503,41,gig_worker,2025-05-05
4504,28,passive_user,2024-06-29
4505,18,gig_worker,2024-08-24
4506,20,salary_earner,2026-01-27
4507,51,passive_user,2025-09-25
4508,36,passive_user,2024-10-09
4509,46,student,2024-08-01
4510,49,salary_earner,2025-06-08
4511,51,student,2025-08-02
4512,40,passive_user,2024-10-13
4513,50,student,2025-09-16
4514,24,salary_earner,2025-12-29
4515,20,student,2025-05-18
4516,30,salary_earner,2024-12-04
4517,31,salary_earner,2024-09-26
4518,53,passive_user,2026-01-15
4519,40,salary_earner,2024-06-16
4520,45,salary_earner,2024-12-10
4521,34,salary_earner,2024-03-11
4522,28,salary_earner,2024-05-28
4523,23,gig_worker,2024-10-19
4524,45,passive_user,2026-01-01
4525,27,passive_user,2025-04-12
4526,22,gig_worker,2025-06-19
4527,35,student,2024-11-23
4528,30,passive_user,2024-09-25
4529,54,student,2025-09-22
4530,50,student,2026-01-31
4531,44,student,2025-11-16
4532,38,intentional_saver,2025-11-28
4533,45,passive_user,2025-11-08
4534,33,gig_worker,2024-03-09
4535,25,salary_earner,2024-06-22
4536,53,gig_worker,2026-01-01
4537,39,gig_worker,2025-05-02
4538,41,student,2024-10-26
4539,35,passive_user,2025-06-02
4540,32,salary_earner,2025-04-09
4541,24,salary_earner,2024-05-18
4542,32,gig_worker,2025-04-09
4543,24,gig_worker,2025-07-22
4544,25,intentional_saver,2025-01-31
4545,37,salary_earner,2024-06-09
4546,49,gig_worker,2024-09-13
4547,40,salary_earner,2024-10-24
4548,36,student,2026-02-11
4549,24,gig_worker,2025-07-26
4550,28,intentional_saver,2025-11-11
4551,42,salary_earner,2024-11-01
4552,52,salary_earner,2024-11-08
4553,43,gig_worker,2024-08-16
4554,26,gig_worker,2025-08-22
4555,50,salary_earner,2025-09-03
4556,26,student,2025-11-18
4557,54,salary_earner,2024-04-05
4558,21,student,2025-10-09
4559,41,passive_user,2025-01-17
4560,33,student,2024-09-24
4561,44,student,2025-01-09
4562,29,student,2024-04-21
4563,40,gig_worker,2025-03-09
4564,50,intentional_saver,2025-08-05
4565,45,salary_earner,2024-12-11
4566,32,gig_worker,2024-10-21
4567,23,salary_earner,2024-03-02
4568,44,passive_user,2025-01-30
4569,23,intentional_saver,2025-04-12
4570,22,student,2024-04-22
4571,23,student,2024-04-22
4572,21,salary_earner,2026-02-20
4573,36,salary_earner,2025-07-11
4574,49,gig_worker,2024-10-07
4575,18,intentional_saver,2025-06-15
4576,45,passive_user,2025-11-06
4577,26,student,2026-02-11
4578,50,gig_worker,2025-02-07
4579,52,student,2025-04-09
4580,43,student,2025-09-12
4581,30,salary_earner,2024-08-17
4582,18,passive_user,2025-08-17
4583,52,student,2025-01-06
4584,33,student,2024-06-28
4585,51,passive_user,2024-11-06
4586,20,student,2025-08-24
4587,28,student,2025-11-17
4588,51,student,2025-04-16
4589,29,passive_user,2025-08-10
4590,26,salary_earner,2025-05-16
4591,21,gig_worker,2026-02-24
4592,42,gig_worker,2025-01-14
4593,25,salary_earner,2025-10-08
4594,33,salary_earner,2024-06-15
4595,25,intentional_saver,2025-03-15
4596,48,salary_earner,2025-06-04
4597,31,salary_earner,2024-05-13
4598,54,salary_earner,2024-08-29
4599,37,gig_worker,2025-02-12
4600,50,passive_user,2026-02-22
4601,20,intentional_saver,2024-03-18
4602,49,passive_user,2024-06-05
4603,18,salary_earner,2024-06-24
4604,39,student,2024-11-02
4605,24,salary_earner,2024-10-03
4606,29,salary_earner,2024-06-22
4607,18,gig_worker,2024-03-09
4608,49,salary_earner,2026-01-30
4609,51,salary_earner,2024-12-17
4610,27,gig_worker,2025-05-22
4611,49,gig_worker,2026-02-25
4612,34,salary_earner,2024-11-26
4613,43,salary_earner,2024-07-15
4614,41,gig_worker,2025-11-12
4615,29,gig_worker,2024-08-27
4616,35,gig_worker,2025-11-27
4617,46,salary_earner,2026-02-25
4618,46,student,2026-02-05
4619,40,salary_earner,2025-07-08
4620,18,student,2026-02-17
4621,30,gig_worker,2025-09-07
4622,36,salary_earner,2026-02-26
4623,43,salary_earner,2025-10-11
4624,39,gig_worker,2025-07-22
4625,28,passive_user,2025-03-27
4626,48,student,2025-07-27
4627,35,passive_user,2024-09-29
4628,49,salary_earner,2025-08-11
4629,26,gig_worker,2025-05-08
4630,43,salary_earner,2025-09-28
4631,42,gig_worker,2024-08-30
4632,24,salary_earner,2024-10-27
4633,26,intentional_saver,2025-10-31
4634,50,salary_earner,2025-10-20
4635,33,salary_earner,2025-11-18
4636,39,salary_earner,2024-04-06
4637,18,gig_worker,2024-07-29
4638,36,gig_worker,2024-05-20
4639,23,salary_earner,2026-01-13
4640,33,intentional_saver,2024-12-04
4641,50,student,2024-03-13
4642,35,salary_earner,2025-07-02
4643,34,intentional_saver,2024-03-05
4644,33,passive_user,2026-01-12
4645,45,student,2024-11-07
4646,24,salary_earner,2024-09-24
4647,50,student,2025-05-23
4648,30,student,2024-12-29
4649,55,passive_user,2025-06-20
4650,27,student,2024-07-13
4651,26,salary_earner,2024-04-18
4652,35,gig_worker,2024-10-09
4653,27,passive_user,2025-09-03
4654,30,gig_worker,2024-11-23
4655,21,salary_earner,2025-01-21
4656,51,gig_worker,2024-12-21
4657,32,salary_earner,2024-08-06
4658,45,salary_earner,2025-06-07
4659,50,gig_worker,2025-03-06
4660,21,gig_worker,2024-09-18
4661,35,salary_earner,2025-08-13
4662,40,gig_worker,2024-04-03
4663,33,student,2024-04-27
4664,21,salary_earner,2024-04-12
4665,18,salary_earner,2024-03-11
4666,38,salary_earner,2024-10-23
4667,48,salary_earner,2024-06-20
4668,24,salary_earner,2025-11-11
4669,34,gig_worker,2026-01-07
4670,41,passive_user,2024-08-28
4671,25,salary_earner,2025-01-11
4672,18,salary_earner,2025-05-15
4673,26,student,2024-06-11
4674,41,salary_earner,2025-03-29
4675,55,student,2025-06-04
4676,41,gig_worker,2024-11-04
4677,35,salary_earner,2025-05-23
4678,42,salary_earner,2026-01-02
4679,24,salary_earner,2024-09-02
4680,25,salary_earner,2025-12-13
4681,30,salary_earner,2024-05-09
4682,46,salary_earner,2025-09-12
4683,22,passive_user,2025-06-08
4684,39,passive_user,2025-05-28
4685,48,salary_earner,2025-11-09
4686,30,passive_user,2024-09-26
4687,27,gig_worker,2025-08-02
4688,30,salary_earner,2024-04-18
4689,34,gig_worker,2025-10-24
4690,53,intentional_saver,2024-12-09
4691,41,passive_user,2024-11-17
4692,25,gig_worker,2024-08-19
4693,22,passive_user,2025-03-17
4694,51,gig_worker,2024-11-13
4695,50,passive_user,2025-10-19
4696,28,intentional_saver,2025-05-12
4697,26,gig_worker,2025-01-02
4698,54,salary_earner,2025-10-14
4699,30,salary_earner,2025-02-08
4700,43,student,2024-06-13
4701,52,gig_worker,2024-05-22
4702,22,intentional_saver,2025-04-26
4703,50,salary_earner,2026-01-18
4704,42,gig_worker,2025-07-30
4705,35,gig_worker,2025-08-04
4706,18,salary_earner,2025-02-14
4707,31,salary_earner,2025-12-28
4708,18,gig_worker,2026-01-16
4709,50,intentional_saver,2024-11-16
4710,51,gig_worker,2025-05-19
4711,32,salary_earner,2025-08-05
4712,35,salary_earner,2025-12-29
4713,28,gig_worker,2025-01-12
4714,52,salary_earner,2025-07-16
4715,20,salary_earner,2025-08-04
4716,35,student,2024-11-04
4717,35,passive_user,2025-02-03
4718,21,intentional_saver,2025-06-14
4719,33,student,2024-10-24
4720,31,passive_user,2024-09-29
4721,18,gig_worker,2025-01-14
4722,41,student,2026-02-01
4723,53,salary_earner,2025-06-22
4724,26,salary_earner,2025-10-15
4725,36,gig_worker,2025-05-19
4726,21,salary_earner,2025-12-22
4727,18,student,2024-06-04
4728,32,intentional_saver,2024-11-12
4729,35,student,2024-08-28
4730,19,salary_earner,2024-11-22
4731,55,gig_worker,2024-03-28
4732,42,salary_earner,2024-10-06
4733,34,passive_user,2024-12-29
4734,53,intentional_saver,2024-10-16
4735,46,salary_earner,2024-09-21
4736,35,salary_earner,2025-09-25
4737,43,salary_earner,2025-02-21
4738,32,salary_earner,2024-08-29
4739,45,student,2024-05-30
4740,48,gig_worker,2024-10-05
4741,29,salary_earner,2025-04-28
4742,29,gig_worker,2025-06-01
4743,49,salary_earner,2024-12-10
4744,29,passive_user,2025-05-13
4745,19,student,2024-09-06
4746,29,salary_earner,2024-11-11
4747,30,intentional_saver,2025-04-22
4748,22,salary_earner,2025-04-27
4749,47,gig_worker,2025-06-02
4750,43,passive_user,2024-12-23
4751,51,salary_earner,2024-12-31
4752,18,salary_earner,2026-01-03
4753,42,student,2025-08-29
4754,25,gig_worker,2024-06-26
4755,20,intentional_saver,2025-09-06
4756,23,salary_earner,2025-08-29
4757,18,salary_earner,2024-08-12
4758,18,intentional_saver,2025-06-29
4759,24,passive_user,2025-05-02
4760,39,gig_worker,2025-12-26
4761,23,intentional_saver,2024-08-21
4762,48,salary_earner,2024-08-17
4763,46,intentional_saver,2025-02-09
4764,37,intentional_saver,2025-04-15
4765,27,salary_earner,2026-02-02
4766,52,salary_earner,2025-03-16
4767,52,student,2025-01-10
4768,20,salary_earner,2025-01-19
4769,36,salary_earner,2026-02-22
4770,44,salary_earner,2024-12-28
4771,32,salary_earner,2025-01-19
4772,45,salary_earner,2025-10-20
4773,40,gig_worker,2025-07-23
4774,32,student,2024-06-02
4775,42,passive_user,2024-06-27
4776,25,student,2024-03-21
4777,25,gig_worker,2024-07-22
4778,36,salary_earner,2025-09-15
4779,39,gig_worker,2026-02-14
4780,23,salary_earner,2025-04-25
4781,27,intentional_saver,2025-08-26
4782,51,salary_earner,2025-05-30
4783,29,salary_earner,2025-03-20
4784,27,student,2025-05-31
4785,37,intentional_saver,2024-05-17
4786,36,student,2024-08-29
4787,24,salary_earner,2025-12-05
4788,49,salary_earner,2025-12-08
4789,34,student,2026-01-22
4790,22,intentional_saver,2025-04-27
4791,27,intentional_saver,2026-02-08
4792,27,intentional_saver,2025-02-08
4793,42,salary_earner,2024-09-13
4794,48,gig_worker,2024-12-27
4795,25,intentional_saver,2024-11-03
4796,35,gig_worker,2024-09-12
4797,38,salary_earner,2024-06-17
4798,29,passive_user,2024-08-27
4799,40,intentional_saver,2025-04-19
4800,45,salary_earner,2024-10-13
4801,44,gig_worker,2026-01-22
4802,39,student,2025-03-02
4803,33,salary_earner,2024-07-04
4804,53,gig_worker,2025-12-24
4805,52,gig_worker,2025-03-14
4806,52,gig_worker,2024-05-30
4807,42,intentional_saver,2024-12-17
4808,44,salary_earner,2026-02-28
4809,32,gig_worker,2026-01-15
4810,33,student,2024-11-08
4811,31,gig_worker,2024-06-06
4812,19,passive_user,2024-07-23
4813,48,gig_worker,2025-02-26
4814,25,passive_user,2026-01-25
4815,40,salary_earner,2025-03-21
4816,26,gig_worker,2024-12-30
4817,27,salary_earner,2024-07-15
4818,53,intentional_saver,2025-01-20
4819,44,passive_user,2025-02-09
4820,32,salary_earner,2026-01-09
4821,26,salary_earner,2026-02-03
4822,27,salary_earner,2025-01-31
4823,19,gig_worker,2026-01-15
4824,45,student,2025-12-31
4825,24,gig_worker,2026-01-03
4826,22,student,2025-12-24
4827,28,gig_worker,2025-03-27
4828,41,salary_earner,2024-06-25
4829,33,salary_earner,2025-07-04
4830,54,salary_earner,2024-04-06
4831,44,intentional_saver,2025-01-17
4832,29,salary_earner,2025-05-25
4833,26,gig_worker,2024-05-29
4834,37,student,2024-08-04
4835,39,gig_worker,2025-12-28
4836,18,gig_worker,2024-06-25
4837,27,salary_earner,2025-06-24
4838,20,salary_earner,2024-09-20
4839,29,student,2024-08-21
4840,18,gig_worker,2024-06-18
4841,45,gig_worker,2024-10-27
4842,47,student,2025-06-07
4843,34,gig_worker,2025-11-22
4844,50,passive_user,2025-11-08
4845,32,salary_earner,2025-03-08
4846,28,gig_worker,2025-12-12
4847,23,salary_earner,2025-06-04
4848,26,gig_worker,2025-02-02
4849,43,student,2024-08-16
4850,32,student,2024-05-01
4851,53,gig_worker,2025-01-31
4852,22,student,2025-06-14
4853,47,intentional_saver,2025-04-25
4854,43,gig_worker,2024-12-26
4855,28,intentional_saver,2024-09-29
4856,41,salary_earner,2026-01-16
4857,30,student,2024-05-05
4858,24,salary_earner,2025-05-23
4859,39,salary_earner,2025-10-15
4860,36,salary_earner,2024-04-15
4861,24,salary_earner,2025-04-25
4862,18,salary_earner,2024-05-14
4863,37,intentional_saver,2026-01-02
4864,30,salary_earner,2024-07-24
4865,20,student,2025-10-23
4866,23,salary_earner,2025-07-30
4867,54,passive_user,2025-03-09
4868,48,salary_earner,2026-02-14
4869,38,salary_earner,2025-02-27
4870,37,salary_earner,2024-07-21
4871,40,salary_earner,2024-11-12
4872,43,intentional_saver,2025-01-05
4873,38,gig_worker,2024-08-31
4874,40,intentional_saver,2025-12-14
4875,24,passive_user,2024-03-08
4876,50,salary_earner,2024-12-23
4877,27,salary_earner,2025-04-05
4878,42,salary_earner,2024-10-01
4879,20,gig_worker,2025-09-27
4880,27,salary_earner,2024-03-18
4881,23,student,2024-08-24
4882,23,intentional_saver,2025-08-18
4883,32,passive_user,2024-03-24
4884,27,intentional_saver,2024-05-31
4885,28,intentional_saver,2026-02-03
4886,50,passive_user,2026-01-31
4887,51,gig_worker,2025-06-18
4888,39,passive_user,2024-08-04
4889,26,gig_worker,2025-04-08
4890,41,salary_earner,2024-04-11
4891,45,student,2025-05-09
4892,42,salary_earner,2025-03-31
4893,22,salary_earner,2024-09-02
4894,54,passive_user,2024-07-22
4895,49,student,2025-10-30
4896,18,salary_earner,2025-06-19
4897,37,salary_earner,2025-01-05
4898,23,gig_worker,2025-07-02
4899,47,gig_worker,2025-11-11
4900,36,salary_earner,2024-10-15
4901,35,salary_earner,2025-09-07
4902,40,gig_worker,2025-08-25
4903,29,salary_earner,2026-01-04
4904,47,student,2025-05-01
4905,48,salary_earner,2024-12-11
4906,46,passive_user,2025-07-20
4907,26,student,2025-06-06
4908,54,passive_user,2024-09-16
4909,41,gig_worker,2024-09-05
4910,43,intentional_saver,2026-01-29
4911,26,gig_worker,2025-10-26
4912,50,gig_worker,2024-04-19
4913,38,intentional_saver,2026-01-15
4914,44,gig_worker,2024-08-29
4915,34,gig_worker,2025-07-09
4916,20,intentional_saver,2025-12-26
4917,21,student,2024-04-25
4918,33,student,2024-10-22
4919,53,student,2025-02-28
4920,24,salary_earner,2025-06-11
4921,28,salary_earner,2025-06-09
4922,22,gig_worker,2025-04-29
4923,47,salary_earner,2025-04-29
4924,40,student,2025-04-14
4925,52,gig_worker,2024-05-27
4926,47,passive_user,2024-11-10
4927,29,salary_earner,2024-05-18
4928,43,student,2024-11-14
4929,30,intentional_saver,2025-07-13
4930,22,gig_worker,2024-11-02
4931,49,salary_earner,2024-11-01
4932,48,salary_earner,2025-02-22
4933,47,salary_earner,2026-02-12
4934,27,salary_earner,2025-08-03
4935,27,passive_user,2025-01-21
4936,38,student,2025-11-27
4937,42,gig_worker,2025-12-28
4938,41,salary_earner,2025-05-05
4939,48,intentional_saver,2025-05-19
4940,31,salary_earner,2024-05-31
4941,45,intentional_saver,2025-05-12
4942,29,salary_earner,2024-07-11
4943,22,salary_earner,2025-11-06
4944,23,salary_earner,2025-10-29
4945,46,salary_earner,2026-01-23
4946,51,intentional_saver,2025-02-12
4947,34,salary_earner,2025-12-09
4948,21,salary_earner,2024-09-01
4949,45,salary_earner,2025-08-09
4950,37,salary_earner,2024-09-08
4951,40,salary_earner,2026-02-25
4952,48,passive_user,2024-11-15
4953,28,gig_worker,2025-03-03
4954,45,passive_user,2024-06-24
4955,54,gig_worker,2024-03-28
4956,18,gig_worker,2024-12-23
4957,30,gig_worker,2025-12-16
4958,55,salary_earner,2025-04-12
4959,38,student,2024-09-11
4960,38,student,2025-07-05
4961,47,salary_earner,2025-10-08
4962,49,passive_user,2025-08-18
4963,25,intentional_saver,2025-03-10
4964,44,intentional_saver,2025-05-01
4965,18,salary_earner,2024-11-08
4966,26,passive_user,2025-09-01
4967,55,student,2025-09-05
4968,31,salary_earner,2024-03-20
4969,30,student,2025-01-15
4970,52,gig_worker,2025-06-19
4971,42,intentional_saver,2025-03-20
4972,31,salary_earner,2024-11-25
4973,54,passive_user,2024-05-30
4974,41,passive_user,2025-01-25
4975,19,intentional_saver,2024-12-31
4976,37,salary_earner,2024-08-30
4977,25,gig_worker,2024-06-04
4978,47,student,2024-11-15
4979,40,gig_worker,2024-09-04
4980,52,gig_worker,2025-04-19
4981,39,gig_worker,2026-02-02
4982,29,salary_earner,2026-01-04
4983,41,gig_worker,2025-11-10
4984,28,salary_earner,2025-10-29
4985,42,gig_worker,2025-05-11
4986,45,salary_earner,2024-05-19
4987,24,student,2024-05-08
4988,24,passive_user,2025-11-02
4989,19,salary_earner,2025-04-25
4990,44,student,2024-07-09
4991,52,salary_earner,2026-02-02
4992,46,salary_earner,2024-04-04
4993,20,gig_worker,2025-10-23
4994,44,student,2026-01-18
4995,47,salary_earner,2025-09-29
4996,25,gig_worker,2025-07-22
4997,48,salary_earner,2024-05-14
4998,40,passive_user,2024-10-04
4999,47,passive_user,2024-06-05
5000,43,gig_worker,2024-12-31
